Date,HSI
3/1/2011,23436.05078
4/1/2011,23668.48047
5/1/2011,23757.82031
6/1/2011,23786.30078
7/1/2011,23686.63086
10/1/2011,23527.25977
11/1/2011,23760.33984
12/1/2011,24125.60938
13/1/2011,24238.98047
14/1/2011,24283.23047
17/1/2011,24156.9707
18/1/2011,24153.98047
19/1/2011,24419.61914
20/1/2011,24003.69922
21/1/2011,23876.85938
24/1/2011,23801.7793
25/1/2011,23788.83008
26/1/2011,23843.24023
27/1/2011,23779.61914
28/1/2011,23617.01953
31/1/2011,23447.33984
1/2/2011,23482.94922
2/2/2011,23908.96094
7/2/2011,23553.58984
8/2/2011,23484.30078
9/2/2011,23164.0293
10/2/2011,22708.61914
11/2/2011,22828.91992
14/2/2011,23121.06055
15/2/2011,22899.7793
16/2/2011,23156.9707
17/2/2011,23301.83984
18/2/2011,23595.24023
21/2/2011,23485.41992
22/2/2011,22990.81055
23/2/2011,22906.90039
24/2/2011,22601.03906
25/2/2011,23012.36914
28/2/2011,23338.01953
1/3/2011,23396.41992
2/3/2011,23048.66016
3/3/2011,23122.41992
4/3/2011,23408.85938
7/3/2011,23313.18945
8/3/2011,23711.69922
9/3/2011,23810.10938
10/3/2011,23614.89063
11/3/2011,23249.7793
14/3/2011,23345.88086
15/3/2011,22678.25
16/3/2011,22700.88086
17/3/2011,22284.42969
18/3/2011,22300.23047
21/3/2011,22685.2207
22/3/2011,22857.90039
23/3/2011,22825.40039
24/3/2011,22915.2793
25/3/2011,23158.66992
28/3/2011,23068.18945
29/3/2011,23060.35938
30/3/2011,23451.42969
31/3/2011,23527.51953
1/4/2011,23801.90039
4/4/2011,24150.58008
6/4/2011,24285.05078
7/4/2011,24281.80078
8/4/2011,24396.07031
11/4/2011,24303.07031
12/4/2011,23976.36914
13/4/2011,24135.0293
14/4/2011,24014
15/4/2011,24008.07031
18/4/2011,23830.31055
19/4/2011,23520.61914
20/4/2011,23896.09961
21/4/2011,24138.31055
26/4/2011,24007.38086
27/4/2011,23892.83984
28/4/2011,23805.63086
29/4/2011,23720.81055
3/5/2011,23633.25
4/5/2011,23315.24023
5/5/2011,23261.60938
6/5/2011,23159.14063
9/5/2011,23336
11/5/2011,23291.80078
12/5/2011,23073.75977
13/5/2011,23276.26953
16/5/2011,22960.63086
17/5/2011,22901.08008
18/5/2011,23011.14063
19/5/2011,23163.38086
20/5/2011,23199.39063
23/5/2011,22711.01953
24/5/2011,22730.7793
25/5/2011,22747.2793
26/5/2011,22900.78906
27/5/2011,23118.07031
30/5/2011,23184.32031
31/5/2011,23684.13086
1/6/2011,23626.42969
2/6/2011,23253.83984
3/6/2011,22949.56055
7/6/2011,22868.66992
8/6/2011,22661.63086
9/6/2011,22609.83008
10/6/2011,22420.36914
13/6/2011,22508.08008
14/6/2011,22496
15/6/2011,22343.76953
16/6/2011,21953.10938
17/6/2011,21695.25977
20/6/2011,21599.50977
21/6/2011,21850.58984
22/6/2011,21859.9707
23/6/2011,21759.14063
24/6/2011,22171.94922
27/6/2011,22041.76953
28/6/2011,22061.7793
29/6/2011,22061.17969
30/6/2011,22398.09961
4/7/2011,22770.4707
5/7/2011,22747.94922
6/7/2011,22517.55078
7/7/2011,22530.17969
8/7/2011,22726.42969
11/7/2011,22347.23047
12/7/2011,21663.16016
13/7/2011,21926.88086
14/7/2011,21940.19922
15/7/2011,21875.38086
18/7/2011,21804.75
19/7/2011,21902.40039
20/7/2011,22003.68945
21/7/2011,21987.28906
22/7/2011,22444.80078
25/7/2011,22293.28906
26/7/2011,22572.08008
27/7/2011,22541.68945
28/7/2011,22570.74023
29/7/2011,22440.25
1/8/2011,22663.36914
2/8/2011,22421.46094
3/8/2011,21992.7207
4/8/2011,21884.74023
5/8/2011,20946.14063
8/8/2011,20490.57031
9/8/2011,19330.69922
10/8/2011,19783.66992
11/8/2011,19595.14063
12/8/2011,19620.00977
15/8/2011,20260.09961
16/8/2011,20212.08008
17/8/2011,20289.0293
18/8/2011,20016.26953
19/8/2011,19399.91992
22/8/2011,19486.86914
23/8/2011,19875.5293
24/8/2011,19466.78906
25/8/2011,19752.48047
26/8/2011,19582.88086
29/8/2011,19865.10938
30/8/2011,20204.16992
31/8/2011,20534.84961
1/9/2011,20585.33008
2/9/2011,20212.91016
5/9/2011,19616.40039
6/9/2011,19710.5
7/9/2011,20048
8/9/2011,19912.82031
9/9/2011,19866.63086
12/9/2011,19030.53906
14/9/2011,19045.43945
15/9/2011,19181.5
16/9/2011,19455.31055
19/9/2011,18917.94922
20/9/2011,19014.80078
21/9/2011,18824.16992
22/9/2011,17911.94922
23/9/2011,17668.83008
26/9/2011,17407.80078
27/9/2011,18130.55078
28/9/2011,18011.06055
30/9/2011,17592.41016
3/10/2011,16822.15039
4/10/2011,16250.26953
6/10/2011,17172.2793
7/10/2011,17707.00977
10/10/2011,17711.06055
11/10/2011,18141.58984
12/10/2011,18329.46094
13/10/2011,18757.81055
14/10/2011,18501.78906
17/10/2011,18873.99023
18/10/2011,18076.46094
19/10/2011,18309.2207
20/10/2011,17983.09961
21/10/2011,18025.7207
24/10/2011,18771.82031
25/10/2011,18968.19922
26/10/2011,19066.53906
27/10/2011,19688.69922
28/10/2011,20019.24023
31/10/2011,19864.86914
1/11/2011,19369.96094
2/11/2011,19733.71094
3/11/2011,19242.5
4/11/2011,19842.78906
7/11/2011,19677.89063
8/11/2011,19678.4707
9/11/2011,20014.42969
10/11/2011,18963.89063
11/11/2011,19137.16992
14/11/2011,19508.17969
15/11/2011,19348.43945
16/11/2011,18960.90039
17/11/2011,18817.4707
18/11/2011,18491.23047
21/11/2011,18225.84961
22/11/2011,18251.58984
23/11/2011,17864.42969
24/11/2011,17935.09961
25/11/2011,17689.48047
28/11/2011,18037.81055
29/11/2011,18256.19922
30/11/2011,17989.34961
1/12/2011,19002.25977
2/12/2011,19040.39063
5/12/2011,19179.68945
6/12/2011,18942.23047
7/12/2011,19240.58008
8/12/2011,19107.81055
9/12/2011,18586.23047
12/12/2011,18575.66016
13/12/2011,18447.16992
14/12/2011,18354.42969
15/12/2011,18026.83984
16/12/2011,18285.39063
19/12/2011,18070.21094
20/12/2011,18080.19922
21/12/2011,18416.44922
22/12/2011,18378.23047
23/12/2011,18629.16992
28/12/2011,18518.66992
29/12/2011,18397.91992
30/12/2011,18434.39063
3/1/2012,18877.41016
4/1/2012,18727.31055
5/1/2012,18813.41016
6/1/2012,18593.06055
9/1/2012,18865.7207
10/1/2012,19004.2793
11/1/2012,19151.93945
12/1/2012,19095.38086
13/1/2012,19204.41992
16/1/2012,19012.19922
17/1/2012,19627.75
18/1/2012,19686.91992
19/1/2012,19942.94922
20/1/2012,20110.36914
26/1/2012,20439.14063
27/1/2012,20501.66992
30/1/2012,20160.41016
31/1/2012,20390.49023
1/2/2012,20333.36914
2/2/2012,20739.44922
3/2/2012,20756.98047
6/2/2012,20709.93945
7/2/2012,20699.18945
8/2/2012,21018.46094
9/2/2012,21010.00977
10/2/2012,20783.85938
13/2/2012,20887.40039
14/2/2012,20917.83008
15/2/2012,21365.23047
16/2/2012,21277.2793
17/2/2012,21491.61914
20/2/2012,21424.78906
21/2/2012,21478.7207
22/2/2012,21549.2793
23/2/2012,21380.99023
24/2/2012,21406.85938
27/2/2012,21217.85938
28/2/2012,21568.73047
29/2/2012,21680.08008
1/3/2012,21387.96094
2/3/2012,21562.25977
5/3/2012,21265.31055
6/3/2012,20806.25
7/3/2012,20627.7793
8/3/2012,20900.73047
9/3/2012,21086
12/3/2012,21134.17969
13/3/2012,21339.69922
14/3/2012,21307.89063
15/3/2012,21353.5293
16/3/2012,21317.84961
20/3/2012,20888.24023
21/3/2012,20856.63086
22/3/2012,20901.56055
23/3/2012,20668.80078
26/3/2012,20668.85938
27/3/2012,21046.91016
28/3/2012,20885.41992
29/3/2012,20609.39063
30/3/2012,20555.58008
2/4/2012,20522.25977
3/4/2012,20790.98047
5/4/2012,20593
10/4/2012,20356.24023
11/4/2012,20140.66992
12/4/2012,20327.32031
13/4/2012,20701.03906
16/4/2012,20610.64063
17/4/2012,20562.31055
18/4/2012,20780.73047
19/4/2012,20995.00977
20/4/2012,21010.64063
23/4/2012,20624.39063
24/4/2012,20677.16016
25/4/2012,20646.28906
26/4/2012,20809.71094
27/4/2012,20741.44922
30/4/2012,21094.21094
2/5/2012,21309.08008
3/5/2012,21249.5293
4/5/2012,21086
7/5/2012,20536.65039
8/5/2012,20484.75
9/5/2012,20330.64063
10/5/2012,20227.2793
11/5/2012,19964.63086
14/5/2012,19735.03906
15/5/2012,19894.31055
16/5/2012,19259.83008
17/5/2012,19200.92969
18/5/2012,18951.84961
21/5/2012,18922.32031
22/5/2012,19039.15039
23/5/2012,18786.18945
24/5/2012,18666.40039
25/5/2012,18713.41016
28/5/2012,18800.99023
29/5/2012,19055.46094
30/5/2012,18690.2207
31/5/2012,18629.51953
1/6/2012,18558.33984
4/6/2012,18185.58984
5/6/2012,18259.0293
6/6/2012,18520.5293
7/6/2012,18678.28906
8/6/2012,18502.33984
11/6/2012,18953.63086
12/6/2012,18872.56055
13/6/2012,19026.51953
14/6/2012,18808.40039
15/6/2012,19233.93945
18/6/2012,19427.81055
19/6/2012,19416.66992
20/6/2012,19518.84961
21/6/2012,19265.07031
22/6/2012,18995.13086
25/6/2012,18897.44922
26/6/2012,18981.83984
27/6/2012,19176.94922
28/6/2012,19025.26953
29/6/2012,19441.46094
3/7/2012,19735.5293
4/7/2012,19709.75
5/7/2012,19809.13086
6/7/2012,19800.64063
9/7/2012,19428.08984
10/7/2012,19396.35938
11/7/2012,19419.86914
12/7/2012,19025.10938
13/7/2012,19092.63086
16/7/2012,19121.33984
17/7/2012,19455.33008
18/7/2012,19239.88086
19/7/2012,19559.05078
20/7/2012,19640.80078
23/7/2012,19053.4707
24/7/2012,18903.19922
25/7/2012,18877.33008
26/7/2012,18892.78906
27/7/2012,19274.96094
30/7/2012,19585.40039
31/7/2012,19796.81055
1/8/2012,19820.38086
2/8/2012,19690.19922
3/8/2012,19666.17969
6/8/2012,19998.7207
7/8/2012,20072.55078
8/8/2012,20065.51953
9/8/2012,20269.4707
10/8/2012,20136.11914
13/8/2012,20081.35938
14/8/2012,20291.67969
15/8/2012,20052.28906
16/8/2012,19962.94922
17/8/2012,20116.07031
20/8/2012,20104.26953
21/8/2012,20100.08984
22/8/2012,19887.7793
23/8/2012,20132.24023
24/8/2012,19880.0293
27/8/2012,19798.66992
28/8/2012,19811.80078
29/8/2012,19788.50977
30/8/2012,19552.91016
31/8/2012,19482.57031
3/9/2012,19559.21094
4/9/2012,19429.91016
5/9/2012,19145.07031
6/9/2012,19209.30078
7/9/2012,19802.16016
10/9/2012,19827.16992
11/9/2012,19857.88086
12/9/2012,20075.39063
13/9/2012,20047.63086
14/9/2012,20629.7793
17/9/2012,20658.10938
18/9/2012,20601.92969
19/9/2012,20841.91016
20/9/2012,20590.91992
21/9/2012,20734.93945
24/9/2012,20694.69922
25/9/2012,20698.67969
26/9/2012,20527.73047
27/9/2012,20762.28906
28/9/2012,20840.38086
3/10/2012,20888.2793
4/10/2012,20907.94922
5/10/2012,21012.38086
8/10/2012,20824.56055
9/10/2012,20937.2793
10/10/2012,20919.59961
11/10/2012,20999.05078
12/10/2012,21136.42969
15/10/2012,21148.25
16/10/2012,21207.07031
17/10/2012,21416.64063
18/10/2012,21518.71094
19/10/2012,21551.75977
22/10/2012,21697.55078
24/10/2012,21763.7793
25/10/2012,21810.23047
26/10/2012,21545.57031
29/10/2012,21511.05078
30/10/2012,21428.58008
31/10/2012,21641.82031
1/11/2012,21821.86914
2/11/2012,22111.33008
5/11/2012,22006.40039
6/11/2012,21944.42969
7/11/2012,22099.84961
8/11/2012,21566.91016
9/11/2012,21384.38086
12/11/2012,21430.30078
13/11/2012,21188.65039
14/11/2012,21441.99023
15/11/2012,21108.92969
16/11/2012,21159.00977
19/11/2012,21262.06055
20/11/2012,21228.2793
21/11/2012,21524.35938
22/11/2012,21743.19922
23/11/2012,21913.98047
26/11/2012,21861.81055
27/11/2012,21844.0293
28/11/2012,21708.98047
29/11/2012,21922.89063
30/11/2012,22030.39063
3/12/2012,21767.84961
4/12/2012,21799.9707
5/12/2012,22270.91016
6/12/2012,22249.81055
7/12/2012,22191.16992
10/12/2012,22276.7207
11/12/2012,22323.93945
12/12/2012,22503.34961
13/12/2012,22445.58008
14/12/2012,22605.98047
17/12/2012,22513.60938
18/12/2012,22494.73047
19/12/2012,22623.36914
20/12/2012,22659.7793
21/12/2012,22506.28906
24/12/2012,22541.17969
27/12/2012,22619.7793
28/12/2012,22666.58984
31/12/2012,22656.91992
2/1/2013,23311.98047
3/1/2013,23398.59961
4/1/2013,23331.08984
7/1/2013,23329.75
8/1/2013,23111.18945
9/1/2013,23218.4707
10/1/2013,23354.31055
11/1/2013,23264.07031
14/1/2013,23413.25977
15/1/2013,23381.50977
16/1/2013,23356.99023
17/1/2013,23339.75977
18/1/2013,23601.7793
21/1/2013,23590.91016
22/1/2013,23658.99023
23/1/2013,23635.09961
24/1/2013,23598.90039
25/1/2013,23580.42969
28/1/2013,23671.88086
29/1/2013,23655.16992
30/1/2013,23822.06055
31/1/2013,23729.5293
1/2/2013,23721.83984
4/2/2013,23685.00977
5/2/2013,23148.5293
6/2/2013,23256.92969
7/2/2013,23177
8/2/2013,23215.16016
14/2/2013,23413.25
15/2/2013,23444.56055
18/2/2013,23381.93945
19/2/2013,23143.91016
20/2/2013,23307.41016
21/2/2013,22906.66992
22/2/2013,22782.43945
25/2/2013,22820.08008
26/2/2013,22519.68945
27/2/2013,22577.00977
28/2/2013,23020.26953
1/3/2013,22880.2207
4/3/2013,22537.81055
5/3/2013,22560.5
6/3/2013,22777.83984
7/3/2013,22771.43945
8/3/2013,23091.94922
11/3/2013,23090.82031
12/3/2013,22890.59961
13/3/2013,22556.65039
14/3/2013,22619.17969
15/3/2013,22533.10938
18/3/2013,22083.35938
19/3/2013,22041.85938
20/3/2013,22256.43945
21/3/2013,22225.88086
22/3/2013,22115.30078
25/3/2013,22251.15039
26/3/2013,22311.08008
27/3/2013,22464.82031
28/3/2013,22299.63086
2/4/2013,22367.82031
3/4/2013,22337.49023
5/4/2013,21726.90039
8/4/2013,21718.05078
9/4/2013,21870.33984
10/4/2013,22034.56055
11/4/2013,22101.26953
12/4/2013,22089.05078
15/4/2013,21772.66992
16/4/2013,21672.0293
17/4/2013,21569.66992
18/4/2013,21512.51953
19/4/2013,22013.57031
22/4/2013,22044.36914
23/4/2013,21806.60938
24/4/2013,22183.05078
25/4/2013,22401.24023
26/4/2013,22547.71094
29/4/2013,22580.76953
30/4/2013,22737.00977
2/5/2013,22668.30078
3/5/2013,22689.96094
6/5/2013,22915.08984
7/5/2013,23047.08984
8/5/2013,23244.34961
9/5/2013,23211.48047
10/5/2013,23321.2207
13/5/2013,22989.81055
14/5/2013,22930.2793
15/5/2013,23044.24023
16/5/2013,23082.67969
20/5/2013,23493.0293
21/5/2013,23366.36914
22/5/2013,23261.08008
23/5/2013,22669.67969
24/5/2013,22618.66992
27/5/2013,22686.05078
28/5/2013,22924.25
29/5/2013,22554.92969
30/5/2013,22484.31055
31/5/2013,22392.16016
3/6/2013,22282.18945
4/6/2013,22285.51953
5/6/2013,22069.24023
6/6/2013,21838.42969
7/6/2013,21575.25977
10/6/2013,21615.08984
11/6/2013,21354.66016
13/6/2013,20887.03906
14/6/2013,20969.14063
17/6/2013,21225.90039
18/6/2013,21225.88086
19/6/2013,20986.89063
20/6/2013,20382.86914
21/6/2013,20263.31055
24/6/2013,19813.98047
25/6/2013,19855.7207
26/6/2013,20338.55078
27/6/2013,20440.08008
28/6/2013,20803.28906
2/7/2013,20658.65039
3/7/2013,20147.31055
4/7/2013,20468.66992
5/7/2013,20854.66992
8/7/2013,20582.18945
9/7/2013,20683.00977
10/7/2013,20904.56055
11/7/2013,21437.49023
12/7/2013,21277.2793
15/7/2013,21303.31055
16/7/2013,21312.38086
17/7/2013,21371.86914
18/7/2013,21345.2207
19/7/2013,21362.41992
22/7/2013,21416.5
23/7/2013,21915.41992
24/7/2013,21968.92969
25/7/2013,21900.96094
26/7/2013,21968.94922
29/7/2013,21850.15039
30/7/2013,21953.96094
31/7/2013,21883.66016
1/8/2013,22088.78906
2/8/2013,22190.9707
5/8/2013,22222.00977
6/8/2013,21923.69922
7/8/2013,21588.83984
8/8/2013,21655.88086
9/8/2013,21807.56055
12/8/2013,22271.2793
13/8/2013,22541.13086
15/8/2013,22539.25
16/8/2013,22517.81055
19/8/2013,22463.69922
20/8/2013,21970.28906
21/8/2013,21817.73047
22/8/2013,21895.40039
23/8/2013,21863.50977
26/8/2013,22005.32031
27/8/2013,21874.76953
28/8/2013,21524.65039
29/8/2013,21704.7793
30/8/2013,21731.36914
2/9/2013,22175.33984
3/9/2013,22394.58008
4/9/2013,22326.2207
5/9/2013,22597.9707
6/9/2013,22621.2207
9/9/2013,22750.65039
10/9/2013,22976.65039
11/9/2013,22937.14063
12/9/2013,22953.7207
13/9/2013,22915.2793
16/9/2013,23252.41016
17/9/2013,23180.51953
18/9/2013,23117.44922
19/9/2013,23502.50977
23/9/2013,23371.53906
24/9/2013,23179.03906
25/9/2013,23209.63086
26/9/2013,23125.0293
27/9/2013,23207.03906
30/9/2013,22859.85938
2/10/2013,22984.48047
3/10/2013,23214.40039
4/10/2013,23138.53906
7/10/2013,22973.94922
8/10/2013,23178.84961
9/10/2013,23033.9707
10/10/2013,22951.30078
11/10/2013,23218.32031
15/10/2013,23336.51953
16/10/2013,23228.33008
17/10/2013,23094.88086
18/10/2013,23340.09961
21/10/2013,23438.15039
22/10/2013,23315.99023
23/10/2013,22999.94922
24/10/2013,22835.82031
25/10/2013,22698.33984
28/10/2013,22806.58008
29/10/2013,22846.53906
30/10/2013,23304.01953
31/10/2013,23206.36914
1/11/2013,23249.78906
4/11/2013,23189.61914
5/11/2013,23038.94922
6/11/2013,23036.93945
7/11/2013,22881.0293
8/11/2013,22744.39063
11/11/2013,23069.84961
12/11/2013,22901.41016
13/11/2013,22463.83008
14/11/2013,22649.15039
15/11/2013,23032.15039
18/11/2013,23660.06055
19/11/2013,23657.81055
20/11/2013,23700.85938
21/11/2013,23580.28906
22/11/2013,23696.2793
25/11/2013,23684.44922
26/11/2013,23681.2793
27/11/2013,23806.34961
28/11/2013,23789.08984
29/11/2013,23881.28906
2/12/2013,24038.55078
3/12/2013,23910.4707
4/12/2013,23728.69922
5/12/2013,23712.57031
6/12/2013,23743.09961
9/12/2013,23811.16992
10/12/2013,23744.18945
11/12/2013,23338.24023
12/12/2013,23218.11914
13/12/2013,23245.96094
16/12/2013,23114.66016
17/12/2013,23069.23047
18/12/2013,23143.82031
19/12/2013,22888.75
20/12/2013,22812.17969
23/12/2013,22921.56055
24/12/2013,23179.55078
27/12/2013,23243.24023
30/12/2013,23244.86914
31/12/2013,23306.39063
2/1/2014,23340.05078
3/1/2014,22817.2793
6/1/2014,22684.15039
7/1/2014,22712.7793
8/1/2014,22996.58984
9/1/2014,22787.33008
10/1/2014,22846.25
13/1/2014,22888.75977
14/1/2014,22791.2793
15/1/2014,22902
16/1/2014,22986.41016
17/1/2014,23133.34961
20/1/2014,22928.94922
21/1/2014,23033.11914
22/1/2014,23082.25
23/1/2014,22733.90039
24/1/2014,22450.06055
27/1/2014,21976.09961
28/1/2014,21960.64063
29/1/2014,22141.60938
30/1/2014,22035.41992
4/2/2014,21397.76953
5/2/2014,21269.38086
6/2/2014,21423.13086
7/2/2014,21636.84961
10/2/2014,21579.25977
11/2/2014,21962.98047
12/2/2014,22285.78906
13/2/2014,22165.5293
14/2/2014,22298.41016
17/2/2014,22535.93945
18/2/2014,22587.7207
19/2/2014,22664.51953
20/2/2014,22394.08008
21/2/2014,22568.24023
24/2/2014,22388.56055
25/2/2014,22317.19922
26/2/2014,22437.43945
27/2/2014,22828.17969
28/2/2014,22836.96094
3/3/2014,22500.66992
4/3/2014,22657.63086
5/3/2014,22579.7793
6/3/2014,22702.9707
7/3/2014,22660.49023
10/3/2014,22264.92969
11/3/2014,22269.60938
12/3/2014,21901.94922
13/3/2014,21756.08008
14/3/2014,21539.49023
17/3/2014,21473.94922
18/3/2014,21583.5
19/3/2014,21568.68945
20/3/2014,21182.16016
21/3/2014,21436.69922
24/3/2014,21846.44922
25/3/2014,21732.32031
26/3/2014,21887.75
27/3/2014,21834.44922
28/3/2014,22065.5293
31/3/2014,22151.06055
1/4/2014,22448.53906
2/4/2014,22523.93945
3/4/2014,22565.08008
4/4/2014,22510.08008
7/4/2014,22377.15039
8/4/2014,22596.9707
9/4/2014,22843.16992
10/4/2014,23186.96094
11/4/2014,23003.64063
14/4/2014,23038.80078
15/4/2014,22671.25977
16/4/2014,22696.00977
17/4/2014,22760.24023
22/4/2014,22730.67969
23/4/2014,22509.64063
24/4/2014,22562.80078
25/4/2014,22223.5293
28/4/2014,22132.5293
29/4/2014,22453.89063
30/4/2014,22133.9707
2/5/2014,22260.66992
5/5/2014,21976.33008
7/5/2014,21746.25977
8/5/2014,21837.11914
9/5/2014,21862.99023
12/5/2014,22261.60938
13/5/2014,22352.38086
14/5/2014,22582.76953
15/5/2014,22730.85938
16/5/2014,22712.91016
19/5/2014,22704.5
20/5/2014,22834.67969
21/5/2014,22836.51953
22/5/2014,22953.75977
23/5/2014,22965.85938
26/5/2014,22963.17969
27/5/2014,22944.30078
28/5/2014,23080.0293
29/5/2014,23010.14063
30/5/2014,23081.65039
3/6/2014,23291.03906
4/6/2014,23151.71094
5/6/2014,23109.66016
6/6/2014,22951
9/6/2014,23117.4707
10/6/2014,23315.74023
11/6/2014,23257.28906
12/6/2014,23175.01953
13/6/2014,23319.16992
16/6/2014,23300.66992
17/6/2014,23203.58984
18/6/2014,23181.7207
19/6/2014,23167.73047
20/6/2014,23194.06055
23/6/2014,22804.81055
24/6/2014,22880.64063
25/6/2014,22866.69922
26/6/2014,23197.83008
27/6/2014,23221.51953
30/6/2014,23190.7207
2/7/2014,23549.61914
3/7/2014,23531.43945
4/7/2014,23546.35938
7/7/2014,23540.91992
8/7/2014,23541.38086
9/7/2014,23176.07031
10/7/2014,23238.99023
11/7/2014,23233.44922
14/7/2014,23346.66992
15/7/2014,23459.96094
16/7/2014,23523.2793
17/7/2014,23520.86914
18/7/2014,23454.78906
21/7/2014,23387.14063
22/7/2014,23782.10938
23/7/2014,23971.86914
24/7/2014,24141.5
25/7/2014,24216.00977
28/7/2014,24428.63086
29/7/2014,24640.5293
30/7/2014,24732.21094
31/7/2014,24756.84961
1/8/2014,24532.42969
4/8/2014,24600.08008
5/8/2014,24648.25977
6/8/2014,24584.13086
7/8/2014,24387.56055
8/8/2014,24331.41016
11/8/2014,24646.01953
12/8/2014,24689.41016
13/8/2014,24890.33984
14/8/2014,24801.35938
15/8/2014,24954.93945
18/8/2014,24955.46094
19/8/2014,25122.94922
20/8/2014,25159.75977
21/8/2014,24994.09961
22/8/2014,25112.23047
25/8/2014,25166.91016
26/8/2014,25074.5
27/8/2014,24918.75
28/8/2014,24741
29/8/2014,24742.06055
1/9/2014,24752.08984
2/9/2014,24749.01953
3/9/2014,25317.94922
4/9/2014,25297.91992
5/9/2014,25240.15039
8/9/2014,25190.44922
10/9/2014,24705.35938
11/9/2014,24662.64063
12/9/2014,24595.32031
15/9/2014,24356.99023
16/9/2014,24136.00977
17/9/2014,24376.41016
18/9/2014,24168.7207
19/9/2014,24306.16016
22/9/2014,23955.49023
23/9/2014,23837.07031
24/9/2014,23921.60938
25/9/2014,23768.13086
26/9/2014,23678.41016
29/9/2014,23229.21094
30/9/2014,22932.98047
3/10/2014,23064.56055
6/10/2014,23315.03906
7/10/2014,23422.51953
8/10/2014,23263.33008
9/10/2014,23534.5293
10/10/2014,23088.53906
13/10/2014,23143.38086
14/10/2014,23047.9707
15/10/2014,23140.05078
16/10/2014,22900.93945
17/10/2014,23023.21094
20/10/2014,23070.25977
21/10/2014,23088.58008
22/10/2014,23403.9707
23/10/2014,23333.17969
24/10/2014,23302.19922
27/10/2014,23143.23047
28/10/2014,23520.35938
29/10/2014,23819.86914
30/10/2014,23702.03906
31/10/2014,23998.06055
3/11/2014,23915.9707
4/11/2014,23845.66016
5/11/2014,23695.61914
6/11/2014,23649.31055
7/11/2014,23550.24023
10/11/2014,23744.69922
11/11/2014,23808.2793
12/11/2014,23938.17969
13/11/2014,24019.93945
14/11/2014,24087.38086
17/11/2014,23797.08008
18/11/2014,23529.16992
19/11/2014,23373.31055
20/11/2014,23349.64063
21/11/2014,23437.11914
24/11/2014,23893.14063
25/11/2014,23843.91016
26/11/2014,24111.98047
27/11/2014,24004.2793
28/11/2014,23987.44922
1/12/2014,23367.44922
2/12/2014,23654.30078
3/12/2014,23428.61914
4/12/2014,23832.56055
5/12/2014,24002.64063
8/12/2014,24047.66992
9/12/2014,23485.83008
10/12/2014,23524.51953
11/12/2014,23312.53906
12/12/2014,23249.19922
15/12/2014,23027.84961
16/12/2014,22670.5
17/12/2014,22585.83984
18/12/2014,22832.21094
19/12/2014,23116.63086
22/12/2014,23408.57031
23/12/2014,23333.68945
24/12/2014,23349.33984
29/12/2014,23773.17969
30/12/2014,23501.09961
31/12/2014,23605.03906
2/1/2015,23721.30078
5/1/2015,23721.32031
6/1/2015,23485.41016
7/1/2015,23681.25977
8/1/2015,23835.5293
9/1/2015,23919.94922
12/1/2015,24026.46094
13/1/2015,24215.9707
14/1/2015,24112.59961
15/1/2015,24350.91016
16/1/2015,24103.51953
19/1/2015,23738.49023
20/1/2015,23951.16016
21/1/2015,24352.58008
22/1/2015,24522.63086
23/1/2015,24850.44922
26/1/2015,24909.90039
27/1/2015,24807.2793
28/1/2015,24861.81055
29/1/2015,24595.84961
30/1/2015,24507.05078
2/2/2015,24484.74023
3/2/2015,24554.7793
4/2/2015,24679.75977
5/2/2015,24765.49023
6/2/2015,24679.39063
9/2/2015,24521
10/2/2015,24528.09961
11/2/2015,24315.01953
12/2/2015,24422.15039
13/2/2015,24682.53906
16/2/2015,24726.5293
17/2/2015,24784.88086
18/2/2015,24832.08008
23/2/2015,24836.75977
24/2/2015,24750.07031
25/2/2015,24778.2793
26/2/2015,24902.06055
27/2/2015,24823.28906
2/3/2015,24887.43945
3/3/2015,24702.7793
4/3/2015,24465.38086
5/3/2015,24193.03906
6/3/2015,24164
9/3/2015,24123.05078
10/3/2015,23896.98047
11/3/2015,23717.9707
12/3/2015,23797.96094
13/3/2015,23823.21094
16/3/2015,23949.55078
17/3/2015,23901.49023
18/3/2015,24120.08008
19/3/2015,24468.89063
20/3/2015,24375.24023
23/3/2015,24494.50977
24/3/2015,24399.59961
25/3/2015,24528.23047
26/3/2015,24497.08008
27/3/2015,24486.19922
30/3/2015,24855.11914
31/3/2015,24900.89063
1/4/2015,25082.75
2/4/2015,25275.64063
8/4/2015,26236.85938
9/4/2015,26944.39063
10/4/2015,27272.39063
13/4/2015,28016.33984
14/4/2015,27561.49023
15/4/2015,27618.82031
16/4/2015,27739.71094
17/4/2015,27653.11914
20/4/2015,27094.92969
21/4/2015,27850.49023
22/4/2015,27933.84961
23/4/2015,27827.69922
24/4/2015,28060.98047
27/4/2015,28433.58984
28/4/2015,28442.75
29/4/2015,28400.33984
30/4/2015,28133
4/5/2015,28123.82031
5/5/2015,27755.53906
6/5/2015,27640.91016
7/5/2015,27289.9707
8/5/2015,27577.33984
11/5/2015,27718.19922
12/5/2015,27407.17969
13/5/2015,27249.2793
14/5/2015,27286.55078
15/5/2015,27822.2793
18/5/2015,27591.25
19/5/2015,27693.53906
20/5/2015,27585.05078
21/5/2015,27523.7207
22/5/2015,27992.83008
26/5/2015,28249.85938
27/5/2015,28081.21094
28/5/2015,27454.31055
29/5/2015,27424.18945
1/6/2015,27597.16016
2/6/2015,27466.7207
3/6/2015,27657.4707
4/6/2015,27551.89063
5/6/2015,27260.16016
8/6/2015,27316.2793
9/6/2015,26989.51953
10/6/2015,26687.64063
11/6/2015,26907.84961
12/6/2015,27280.53906
15/6/2015,26861.81055
16/6/2015,26566.69922
17/6/2015,26753.78906
18/6/2015,26694.66016
19/6/2015,26760.5293
22/6/2015,27080.84961
23/6/2015,27333.46094
24/6/2015,27404.9707
25/6/2015,27145.75
26/6/2015,26663.86914
29/6/2015,25966.98047
30/6/2015,26250.0293
2/7/2015,26282.32031
3/7/2015,26064.10938
6/7/2015,25236.2793
7/7/2015,24975.31055
8/7/2015,23516.56055
9/7/2015,24392.78906
10/7/2015,24901.2793
13/7/2015,25224.00977
14/7/2015,25120.91016
15/7/2015,25055.75977
16/7/2015,25162.7793
17/7/2015,25415.26953
20/7/2015,25404.81055
21/7/2015,25536.42969
22/7/2015,25282.61914
23/7/2015,25398.84961
24/7/2015,25128.50977
27/7/2015,24351.96094
28/7/2015,24503.93945
29/7/2015,24619.44922
30/7/2015,24497.98047
31/7/2015,24636.2793
3/8/2015,24411.41992
4/8/2015,24406.11914
5/8/2015,24514.16016
6/8/2015,24375.2793
7/8/2015,24552.4707
10/8/2015,24521.11914
11/8/2015,24498.21094
12/8/2015,23916.01953
13/8/2015,24018.80078
14/8/2015,23991.0293
17/8/2015,23814.65039
18/8/2015,23474.9707
19/8/2015,23167.84961
20/8/2015,22757.4707
21/8/2015,22409.61914
24/8/2015,21251.57031
25/8/2015,21404.96094
26/8/2015,21080.39063
27/8/2015,21838.53906
28/8/2015,21612.39063
31/8/2015,21670.58008
1/9/2015,21185.42969
2/9/2015,20934.93945
4/9/2015,20840.60938
7/9/2015,20583.51953
8/9/2015,21259.03906
9/9/2015,22131.31055
10/9/2015,21562.5
11/9/2015,21504.36914
14/9/2015,21561.90039
15/9/2015,21455.23047
16/9/2015,21966.66016
17/9/2015,21854.63086
18/9/2015,21920.83008
21/9/2015,21756.92969
22/9/2015,21796.58008
23/9/2015,21302.91016
24/9/2015,21095.98047
25/9/2015,21186.32031
29/9/2015,20556.59961
30/9/2015,20846.30078
2/10/2015,21506.08984
5/10/2015,21854.5
6/10/2015,21831.61914
7/10/2015,22515.75977
8/10/2015,22354.91016
9/10/2015,22458.80078
12/10/2015,22730.92969
13/10/2015,22600.46094
14/10/2015,22439.91016
15/10/2015,22888.16992
16/10/2015,23067.36914
19/10/2015,23075.60938
20/10/2015,22989.2207
22/10/2015,22845.36914
23/10/2015,23151.93945
26/10/2015,23116.25
27/10/2015,23142.73047
28/10/2015,22956.57031
29/10/2015,22819.93945
30/10/2015,22640.03906
2/11/2015,22370.03906
3/11/2015,22568.42969
4/11/2015,23053.57031
5/11/2015,23051.03906
6/11/2015,22867.33008
9/11/2015,22726.76953
10/11/2015,22401.69922
11/11/2015,22352.16992
12/11/2015,22888.91992
13/11/2015,22396.14063
16/11/2015,22010.82031
17/11/2015,22264.25
18/11/2015,22188.25977
19/11/2015,22500.2207
20/11/2015,22754.7207
23/11/2015,22665.90039
24/11/2015,22587.63086
25/11/2015,22498
26/11/2015,22488.93945
27/11/2015,22068.32031
30/11/2015,21996.41992
1/12/2015,22381.34961
2/12/2015,22479.68945
3/12/2015,22417.00977
4/12/2015,22235.89063
7/12/2015,22203.2207
8/12/2015,21905.13086
9/12/2015,21803.75977
10/12/2015,21704.60938
11/12/2015,21464.05078
14/12/2015,21309.84961
15/12/2015,21274.36914
16/12/2015,21701.21094
17/12/2015,21872.06055
18/12/2015,21755.56055
21/12/2015,21791.67969
22/12/2015,21830.01953
23/12/2015,22040.58984
24/12/2015,22138.13086
28/12/2015,21919.61914
29/12/2015,21999.61914
30/12/2015,21882.15039
31/12/2015,21914.40039
4/1/2016,21327.11914
5/1/2016,21188.7207
6/1/2016,20980.81055
7/1/2016,20333.33984
8/1/2016,20453.71094
11/1/2016,19888.5
12/1/2016,19711.75977
13/1/2016,19934.88086
14/1/2016,19817.41016
15/1/2016,19520.76953
18/1/2016,19237.44922
19/1/2016,19635.81055
20/1/2016,18886.30078
21/1/2016,18542.15039
22/1/2016,19080.50977
25/1/2016,19340.14063
26/1/2016,18860.80078
27/1/2016,19052.44922
28/1/2016,19195.83008
29/1/2016,19683.10938
1/2/2016,19595.5
2/2/2016,19446.83984
3/2/2016,18991.58984
4/2/2016,19183.08984
5/2/2016,19288.16992
11/2/2016,18545.80078
12/2/2016,18319.58008
15/2/2016,18918.14063
16/2/2016,19122.08008
17/2/2016,18924.57031
18/2/2016,19363.08008
19/2/2016,19285.5
22/2/2016,19464.08984
23/2/2016,19414.7793
24/2/2016,19192.44922
25/2/2016,18888.75
26/2/2016,19364.15039
29/2/2016,19111.92969
1/3/2016,19407.46094
2/3/2016,20003.49023
3/3/2016,19941.75977
4/3/2016,20176.69922
7/3/2016,20159.7207
8/3/2016,20011.58008
9/3/2016,19996.25977
10/3/2016,19984.41992
11/3/2016,20199.59961
14/3/2016,20435.33984
15/3/2016,20288.76953
16/3/2016,20257.69922
17/3/2016,20503.81055
18/3/2016,20671.63086
21/3/2016,20684.15039
22/3/2016,20666.75
23/3/2016,20615.23047
24/3/2016,20345.60938
29/3/2016,20366.30078
30/3/2016,20803.39063
31/3/2016,20776.69922
1/4/2016,20498.91992
5/4/2016,20177
6/4/2016,20206.66992
7/4/2016,20266.05078
8/4/2016,20370.40039
11/4/2016,20440.81055
12/4/2016,20504.43945
13/4/2016,21158.71094
14/4/2016,21337.81055
15/4/2016,21316.4707
18/4/2016,21161.5
19/4/2016,21436.21094
20/4/2016,21236.31055
21/4/2016,21622.25
22/4/2016,21467.03906
25/4/2016,21304.43945
26/4/2016,21407.26953
27/4/2016,21361.59961
28/4/2016,21388.0293
29/4/2016,21067.05078
3/5/2016,20676.93945
4/5/2016,20525.83008
5/5/2016,20449.82031
6/5/2016,20109.86914
9/5/2016,20156.81055
10/5/2016,20242.67969
11/5/2016,20055.28906
12/5/2016,19915.46094
13/5/2016,19719.28906
16/5/2016,19883.94922
17/5/2016,20118.80078
18/5/2016,19826.41016
19/5/2016,19694.33008
20/5/2016,19852.19922
23/5/2016,19809.0293
24/5/2016,19830.42969
25/5/2016,20368.05078
26/5/2016,20397.10938
27/5/2016,20576.76953
30/5/2016,20629.39063
31/5/2016,20815.08984
1/6/2016,20760.98047
2/6/2016,20859.2207
3/6/2016,20947.24023
6/6/2016,21030.2207
7/6/2016,21328.24023
8/6/2016,21297.88086
10/6/2016,21042.64063
13/6/2016,20512.99023
14/6/2016,20387.5293
15/6/2016,20467.51953
16/6/2016,20038.41992
17/6/2016,20169.98047
20/6/2016,20510.19922
21/6/2016,20668.43945
22/6/2016,20795.11914
23/6/2016,20868.33984
24/6/2016,20259.13086
27/6/2016,20227.30078
28/6/2016,20172.46094
29/6/2016,20436.11914
30/6/2016,20794.36914
4/7/2016,21059.19922
5/7/2016,20750.7207
6/7/2016,20495.28906
7/7/2016,20706.91992
8/7/2016,20564.16992
11/7/2016,20880.5
12/7/2016,21224.74023
13/7/2016,21322.36914
14/7/2016,21561.06055
15/7/2016,21659.25
18/7/2016,21803.17969
19/7/2016,21673.19922
20/7/2016,21882.48047
21/7/2016,22000.49023
22/7/2016,21964.26953
25/7/2016,21993.43945
26/7/2016,22129.73047
27/7/2016,22218.99023
28/7/2016,22174.33984
29/7/2016,21891.36914
1/8/2016,22129.14063
3/8/2016,21739.11914
4/8/2016,21832.23047
5/8/2016,22146.08984
8/8/2016,22494.75977
9/8/2016,22465.60938
10/8/2016,22492.42969
11/8/2016,22580.55078
12/8/2016,22766.91016
15/8/2016,22932.50977
16/8/2016,22910.83984
17/8/2016,22799.7793
18/8/2016,23023.16016
19/8/2016,22937.2207
22/8/2016,22997.91016
23/8/2016,22998.92969
24/8/2016,22820.7793
25/8/2016,22814.94922
26/8/2016,22909.53906
29/8/2016,22821.33984
30/8/2016,23016.10938
31/8/2016,22976.88086
1/9/2016,23162.33984
2/9/2016,23266.69922
5/9/2016,23649.55078
6/9/2016,23787.67969
7/9/2016,23741.81055
8/9/2016,23919.33984
9/9/2016,24099.69922
12/9/2016,23290.59961
13/9/2016,23215.75977
14/9/2016,23190.64063
15/9/2016,23335.58984
19/9/2016,23550.44922
20/9/2016,23530.85938
21/9/2016,23669.90039
22/9/2016,23759.80078
23/9/2016,23686.48047
26/9/2016,23317.91992
27/9/2016,23571.90039
28/9/2016,23619.65039
29/9/2016,23739.4707
30/9/2016,23297.15039
3/10/2016,23584.42969
4/10/2016,23689.43945
5/10/2016,23788.31055
6/10/2016,23952.5
7/10/2016,23851.82031
11/10/2016,23549.51953
12/10/2016,23407.05078
13/10/2016,23031.30078
14/10/2016,23233.31055
17/10/2016,23037.53906
18/10/2016,23394.39063
19/10/2016,23304.9707
20/10/2016,23374.40039
24/10/2016,23604.08008
25/10/2016,23565.10938
26/10/2016,23325.42969
27/10/2016,23132.34961
28/10/2016,22954.81055
31/10/2016,22934.53906
1/11/2016,23147.07031
2/11/2016,22810.5
3/11/2016,22683.50977
4/11/2016,22642.61914
7/11/2016,22801.40039
8/11/2016,22909.4707
9/11/2016,22415.18945
10/11/2016,22839.10938
11/11/2016,22531.08984
14/11/2016,22222.2207
15/11/2016,22323.91016
16/11/2016,22280.5293
17/11/2016,22262.88086
18/11/2016,22344.21094
21/11/2016,22357.7793
22/11/2016,22678.07031
23/11/2016,22676.68945
24/11/2016,22608.49023
25/11/2016,22723.44922
28/11/2016,22830.57031
29/11/2016,22737.07031
30/11/2016,22789.76953
1/12/2016,22878.23047
2/12/2016,22564.82031
5/12/2016,22505.55078
6/12/2016,22675.15039
7/12/2016,22800.91992
8/12/2016,22861.83984
9/12/2016,22760.98047
12/12/2016,22433.01953
13/12/2016,22446.69922
14/12/2016,22456.61914
15/12/2016,22059.40039
16/12/2016,22020.75
19/12/2016,21832.67969
20/12/2016,21729.06055
21/12/2016,21809.80078
22/12/2016,21636.19922
23/12/2016,21574.75977
28/12/2016,21754.74023
29/12/2016,21790.91016
30/12/2016,22000.56055
3/1/2017,22150.40039
4/1/2017,22134.4707
5/1/2017,22456.68945
6/1/2017,22503.00977
9/1/2017,22558.68945
10/1/2017,22744.84961
11/1/2017,22935.34961
12/1/2017,22829.01953
13/1/2017,22937.38086
16/1/2017,22718.15039
17/1/2017,22840.9707
18/1/2017,23098.25977
19/1/2017,23049.96094
20/1/2017,22885.91016
23/1/2017,22898.51953
24/1/2017,22949.85938
25/1/2017,23049.11914
26/1/2017,23374.16992
27/1/2017,23360.7793
1/2/2017,23318.39063
2/2/2017,23184.51953
3/2/2017,23129.21094
6/2/2017,23348.24023
7/2/2017,23331.57031
8/2/2017,23485.13086
9/2/2017,23525.14063
10/2/2017,23574.98047
13/2/2017,23710.98047
14/2/2017,23703.00977
15/2/2017,23994.86914
16/2/2017,24107.69922
17/2/2017,24033.74023
20/2/2017,24146.08008
21/2/2017,23963.63086
22/2/2017,24201.96094
23/2/2017,24114.85938
24/2/2017,23965.69922
27/2/2017,23925.05078
28/2/2017,23740.73047
1/3/2017,23776.49023
2/3/2017,23728.07031
3/3/2017,23552.7207
6/3/2017,23596.2793
7/3/2017,23681.07031
8/3/2017,23782.26953
9/3/2017,23501.56055
10/3/2017,23568.66992
13/3/2017,23829.66992
14/3/2017,23827.94922
15/3/2017,23792.84961
16/3/2017,24288.2793
17/3/2017,24309.92969
20/3/2017,24501.99023
21/3/2017,24593.11914
22/3/2017,24320.41016
23/3/2017,24327.69922
24/3/2017,24358.26953
27/3/2017,24193.69922
28/3/2017,24345.86914
29/3/2017,24392.05078
30/3/2017,24301.08984
31/3/2017,24111.58984
3/4/2017,24261.48047
5/4/2017,24400.80078
6/4/2017,24273.7207
7/4/2017,24267.30078
10/4/2017,24262.17969
11/4/2017,24088.46094
12/4/2017,24313.5
13/4/2017,24261.66016
18/4/2017,23924.53906
19/4/2017,23825.88086
20/4/2017,24056.98047
21/4/2017,24042.01953
24/4/2017,24139.48047
25/4/2017,24455.93945
26/4/2017,24578.42969
27/4/2017,24698.48047
28/4/2017,24615.13086
2/5/2017,24696.13086
4/5/2017,24683.88086
5/5/2017,24476.34961
8/5/2017,24577.91016
9/5/2017,24889.0293
10/5/2017,25015.41992
11/5/2017,25125.55078
12/5/2017,25156.33984
15/5/2017,25371.58984
16/5/2017,25335.93945
17/5/2017,25293.63086
18/5/2017,25136.51953
19/5/2017,25174.86914
22/5/2017,25391.33984
23/5/2017,25403.15039
24/5/2017,25428.5
25/5/2017,25630.7793
26/5/2017,25639.26953
29/5/2017,25701.63086
31/5/2017,25660.65039
1/6/2017,25809.2207
2/6/2017,25924.05078
5/6/2017,25862.99023
6/6/2017,25997.14063
7/6/2017,25974.16016
8/6/2017,26063.06055
9/6/2017,26030.28906
12/6/2017,25708.03906
13/6/2017,25852.09961
14/6/2017,25875.90039
15/6/2017,25565.33984
16/6/2017,25626.49023
19/6/2017,25924.55078
20/6/2017,25843.03906
21/6/2017,25694.58008
22/6/2017,25674.5293
23/6/2017,25670.05078
26/6/2017,25871.89063
27/6/2017,25839.99023
28/6/2017,25683.5
29/6/2017,25965.41992
30/6/2017,25764.58008
3/7/2017,25784.16992
4/7/2017,25389.00977
5/7/2017,25521.9707
6/7/2017,25465.2207
7/7/2017,25340.84961
10/7/2017,25500.06055
11/7/2017,25877.64063
12/7/2017,26043.64063
13/7/2017,26346.16992
14/7/2017,26389.23047
17/7/2017,26470.58008
18/7/2017,26524.93945
19/7/2017,26672.16016
20/7/2017,26740.21094
21/7/2017,26706.08984
24/7/2017,26846.83008
25/7/2017,26852.05078
26/7/2017,26941.01953
27/7/2017,27131.16992
28/7/2017,26979.39063
31/7/2017,27323.99023
1/8/2017,27540.23047
2/8/2017,27607.38086
3/8/2017,27531.00977
4/8/2017,27562.67969
7/8/2017,27690.35938
8/8/2017,27854.91016
9/8/2017,27757.08984
10/8/2017,27444
11/8/2017,26883.50977
14/8/2017,27250.23047
15/8/2017,27174.96094
16/8/2017,27409.07031
17/8/2017,27344.2207
18/8/2017,27047.57031
21/8/2017,27154.67969
22/8/2017,27401.66992
24/8/2017,27518.59961
25/8/2017,27848.16016
28/8/2017,27863.28906
29/8/2017,27765.00977
30/8/2017,28094.60938
31/8/2017,27970.30078
1/9/2017,27953.16016
4/9/2017,27740.25977
5/9/2017,27741.34961
6/9/2017,27613.75977
7/9/2017,27522.91992
8/9/2017,27668.4707
11/9/2017,27955.13086
12/9/2017,27972.24023
13/9/2017,27894.08008
14/9/2017,27777.19922
15/9/2017,27807.58984
18/9/2017,28159.76953
19/9/2017,28051.41016
20/9/2017,28127.80078
21/9/2017,28110.33008
22/9/2017,27880.5293
25/9/2017,27500.33984
26/9/2017,27513.00977
27/9/2017,27642.42969
28/9/2017,27421.59961
29/9/2017,27554.30078
3/10/2017,28173.21094
4/10/2017,28379.17969
6/10/2017,28458.03906
9/10/2017,28326.58984
10/10/2017,28490.83008
11/10/2017,28389.57031
12/10/2017,28459.0293
13/10/2017,28476.42969
16/10/2017,28692.80078
17/10/2017,28697.49023
18/10/2017,28711.75977
19/10/2017,28159.08984
20/10/2017,28487.24023
23/10/2017,28305.88086
24/10/2017,28154.9707
25/10/2017,28302.89063
26/10/2017,28202.38086
27/10/2017,28438.84961
30/10/2017,28336.18945
31/10/2017,28245.53906
1/11/2017,28594.06055
2/11/2017,28518.64063
3/11/2017,28603.60938
6/11/2017,28596.80078
7/11/2017,28994.33984
8/11/2017,28907.59961
9/11/2017,29136.57031
10/11/2017,29120.91992
13/11/2017,29182.17969
14/11/2017,29152.11914
15/11/2017,28851.68945
16/11/2017,29018.75977
17/11/2017,29199.03906
20/11/2017,29260.31055
21/11/2017,29818.07031
22/11/2017,30003.49023
23/11/2017,29707.93945
24/11/2017,29866.32031
27/11/2017,29686.18945
28/11/2017,29680.84961
29/11/2017,29623.83008
30/11/2017,29177.34961
1/12/2017,29074.24023
4/12/2017,29138.2793
5/12/2017,28842.80078
6/12/2017,28224.80078
7/12/2017,28303.18945
8/12/2017,28639.84961
11/12/2017,28965.28906
12/12/2017,28793.88086
13/12/2017,29222.09961
14/12/2017,29166.38086
15/12/2017,28848.10938
18/12/2017,29050.41016
19/12/2017,29253.66016
20/12/2017,29234.08984
21/12/2017,29367.06055
22/12/2017,29578.00977
27/12/2017,29597.66016
28/12/2017,29863.71094
29/12/2017,29919.15039
2/1/2018,30515.31055
3/1/2018,30560.94922
4/1/2018,30736.48047
5/1/2018,30814.64063
8/1/2018,30899.5293
9/1/2018,31011.41016
10/1/2018,31073.7207
11/1/2018,31120.39063
12/1/2018,31412.53906
15/1/2018,31338.86914
16/1/2018,31904.75
17/1/2018,31983.41016
18/1/2018,32121.93945
19/1/2018,32254.89063
22/1/2018,32393.41016
23/1/2018,32930.69922
24/1/2018,32958.69141
25/1/2018,32654.44922
26/1/2018,33154.12109
29/1/2018,32966.89063
30/1/2018,32607.28906
31/1/2018,32887.26953
1/2/2018,32642.08984
2/2/2018,32601.7793
5/2/2018,32245.2207
6/2/2018,30595.41992
7/2/2018,30323.19922
8/2/2018,30451.26953
9/2/2018,29507.41992
12/2/2018,29459.63086
13/2/2018,29839.5293
14/2/2018,30515.59961
15/2/2018,31115.42969
20/2/2018,30873.63086
21/2/2018,31431.89063
22/2/2018,30965.67969
23/2/2018,31267.16992
26/2/2018,31498.59961
27/2/2018,31268.66016
28/2/2018,30844.7207
1/3/2018,31044.25
2/3/2018,30583.44922
5/3/2018,29886.39063
6/3/2018,30510.73047
7/3/2018,30196.91992
8/3/2018,30654.51953
9/3/2018,30996.21094
12/3/2018,31594.33008
13/3/2018,31601.44922
14/3/2018,31435.00977
15/3/2018,31541.09961
16/3/2018,31501.9707
19/3/2018,31513.75977
20/3/2018,31549.92969
21/3/2018,31414.51953
22/3/2018,31071.05078
23/3/2018,30309.28906
26/3/2018,30548.76953
27/3/2018,30790.83008
28/3/2018,30022.5293
29/3/2018,30093.38086
3/4/2018,30180.09961
4/4/2018,29518.68945
6/4/2018,29844.93945
9/4/2018,30229.58008
10/4/2018,30728.74023
11/4/2018,30897.71094
12/4/2018,30831.2793
13/4/2018,30808.38086
16/4/2018,30315.58984
17/4/2018,30062.75
18/4/2018,30284.25
19/4/2018,30708.43945
20/4/2018,30418.33008
23/4/2018,30254.40039
24/4/2018,30636.24023
25/4/2018,30328.15039
26/4/2018,30007.67969
27/4/2018,30280.66992
30/4/2018,30808.44922
2/5/2018,30723.88086
3/5/2018,30313.36914
4/5/2018,29926.5
7/5/2018,29994.25977
8/5/2018,30402.81055
9/5/2018,30536.14063
10/5/2018,30809.2207
11/5/2018,31122.06055
14/5/2018,31541.08008
15/5/2018,31152.0293
16/5/2018,31110.19922
17/5/2018,30942.15039
18/5/2018,31047.91016
21/5/2018,31234.34961
23/5/2018,30665.64063
24/5/2018,30760.41016
25/5/2018,30588.03906
28/5/2018,30792.25977
29/5/2018,30484.58008
30/5/2018,30056.78906
31/5/2018,30468.56055
1/6/2018,30492.91016
4/6/2018,30997.98047
5/6/2018,31093.44922
6/6/2018,31259.09961
7/6/2018,31512.63086
8/6/2018,30958.21094
11/6/2018,31063.69922
12/6/2018,31103.06055
13/6/2018,30725.15039
14/6/2018,30440.16992
15/6/2018,30309.49023
19/6/2018,29468.15039
20/6/2018,29696.16992
21/6/2018,29296.05078
22/6/2018,29338.69922
25/6/2018,28961.39063
26/6/2018,28881.40039
27/6/2018,28356.25977
28/6/2018,28497.32031
29/6/2018,28955.10938
3/7/2018,28545.57031
4/7/2018,28241.66992
5/7/2018,28182.08984
6/7/2018,28315.61914
9/7/2018,28688.5
10/7/2018,28682.25
11/7/2018,28311.68945
12/7/2018,28480.83008
13/7/2018,28525.43945
16/7/2018,28539.66016
17/7/2018,28181.67969
18/7/2018,28117.41992
19/7/2018,28010.85938
20/7/2018,28224.48047
23/7/2018,28256.11914
24/7/2018,28662.57031
25/7/2018,28920.90039
26/7/2018,28781.14063
27/7/2018,28804.2793
30/7/2018,28733.13086
31/7/2018,28583.00977
1/8/2018,28340.74023
2/8/2018,27714.56055
3/8/2018,27676.32031
6/8/2018,27819.56055
7/8/2018,28248.88086
8/8/2018,28359.14063
9/8/2018,28607.30078
10/8/2018,28366.61914
13/8/2018,27936.57031
14/8/2018,27752.92969
15/8/2018,27323.58984
16/8/2018,27100.06055
17/8/2018,27213.41016
20/8/2018,27598.01953
21/8/2018,27752.78906
22/8/2018,27927.58008
23/8/2018,27790.46094
24/8/2018,27671.86914
27/8/2018,28271.26953
28/8/2018,28351.61914
29/8/2018,28416.43945
30/8/2018,28164.05078
31/8/2018,27888.55078
3/9/2018,27712.53906
4/9/2018,27973.33984
5/9/2018,27243.84961
6/9/2018,26974.82031
7/9/2018,26973.4707
10/9/2018,26613.41992
11/9/2018,26422.55078
12/9/2018,26345.03906
13/9/2018,27014.49023
14/9/2018,27286.41016
17/9/2018,26932.84961
18/9/2018,27084.66016
19/9/2018,27407.36914
20/9/2018,27477.66992
21/9/2018,27953.58008
24/9/2018,27499.39063
26/9/2018,27816.86914
27/9/2018,27715.66992
28/9/2018,27788.51953
2/10/2018,27126.38086
3/10/2018,27091.25977
4/10/2018,26623.86914
5/10/2018,26572.57031
8/10/2018,26202.57031
9/10/2018,26172.91016
10/10/2018,26193.07031
11/10/2018,25266.36914
12/10/2018,25801.49023
15/10/2018,25445.06055
16/10/2018,25462.25977
18/10/2018,25454.55078
19/10/2018,25561.40039
22/10/2018,26153.15039
23/10/2018,25346.55078
24/10/2018,25249.7793
25/10/2018,24994.46094
26/10/2018,24717.63086
29/10/2018,24812.03906
30/10/2018,24585.5293
31/10/2018,24979.68945
1/11/2018,25416
2/11/2018,26486.34961
5/11/2018,25934.39063
6/11/2018,26120.96094
7/11/2018,26147.68945
8/11/2018,26227.7207
9/11/2018,25601.91992
12/11/2018,25633.17969
13/11/2018,25792.86914
14/11/2018,25654.42969
15/11/2018,26103.33984
16/11/2018,26183.5293
19/11/2018,26372
20/11/2018,25840.33984
21/11/2018,25971.4707
22/11/2018,26019.41016
23/11/2018,25927.67969
26/11/2018,26376.17969
27/11/2018,26331.96094
28/11/2018,26682.56055
29/11/2018,26451.0293
30/11/2018,26506.75
3/12/2018,27182.03906
4/12/2018,27260.43945
5/12/2018,26819.67969
6/12/2018,26156.38086
7/12/2018,26063.75977
10/12/2018,25752.38086
11/12/2018,25771.66992
12/12/2018,26186.71094
13/12/2018,26524.34961
14/12/2018,26094.78906
17/12/2018,26087.98047
18/12/2018,25814.25
19/12/2018,25865.39063
20/12/2018,25623.5293
21/12/2018,25753.41992
24/12/2018,25651.38086
27/12/2018,25478.88086
28/12/2018,25504.19922
31/12/2018,25845.69922
2/1/2019,25130.34961
3/1/2019,25064.35938
4/1/2019,25626.0293
7/1/2019,25835.69922
8/1/2019,25875.44922
9/1/2019,26462.32031
10/1/2019,26521.42969
11/1/2019,26667.26953
14/1/2019,26298.33008
15/1/2019,26830.28906
16/1/2019,26902.09961
17/1/2019,26755.63086
18/1/2019,27090.81055
21/1/2019,27196.53906
22/1/2019,27005.44922
23/1/2019,27008.19922
24/1/2019,27120.98047
25/1/2019,27569.18945
28/1/2019,27576.96094
29/1/2019,27531.67969
30/1/2019,27642.84961
31/1/2019,27942.4707
1/2/2019,27930.74023
4/2/2019,27990.21094
8/2/2019,27946.32031
11/2/2019,28143.83984
12/2/2019,28171.33008
13/2/2019,28497.58984
14/2/2019,28432.05078
15/2/2019,27900.83984
18/2/2019,28347.00977
19/2/2019,28228.13086
20/2/2019,28514.05078
21/2/2019,28629.91992
22/2/2019,28816.30078
25/2/2019,28959.30078
26/2/2019,28772.06055
27/2/2019,28757.43945
28/2/2019,28633.17969
1/3/2019,28812.16992
4/3/2019,28959.58984
5/3/2019,28961.59961
6/3/2019,29037.59961
7/3/2019,28779.44922
8/3/2019,28228.41992
11/3/2019,28503.30078
12/3/2019,28920.86914
13/3/2019,28807.44922
14/3/2019,28851.39063
15/3/2019,29012.25977
18/3/2019,29409.00977
19/3/2019,29466.2793
20/3/2019,29320.9707
21/3/2019,29071.56055
22/3/2019,29113.35938
25/3/2019,28523.34961
26/3/2019,28566.91016
27/3/2019,28728.25
28/3/2019,28775.21094
29/3/2019,29051.35938
1/4/2019,29562.01953
2/4/2019,29624.66992
3/4/2019,29986.39063
4/4/2019,29936.32031
8/4/2019,30077.15039
9/4/2019,30157.49023
10/4/2019,30119.56055
11/4/2019,29839.44922
12/4/2019,29909.75977
15/4/2019,29810.7207
16/4/2019,30129.86914
17/4/2019,30124.67969
18/4/2019,29963.25977
23/4/2019,29963.24023
24/4/2019,29805.83008
25/4/2019,29549.80078
26/4/2019,29605.00977
29/4/2019,29892.81055
30/4/2019,29699.10938
2/5/2019,29944.17969
3/5/2019,30081.55078
6/5/2019,29209.82031
7/5/2019,29363.01953
8/5/2019,29003.19922
9/5/2019,28311.07031
10/5/2019,28550.24023
14/5/2019,28122.01953
15/5/2019,28268.71094
16/5/2019,28275.07031
17/5/2019,27946.46094
20/5/2019,27787.60938
21/5/2019,27657.24023
22/5/2019,27705.93945
23/5/2019,27267.13086
24/5/2019,27353.92969
27/5/2019,27288.08984
28/5/2019,27390.81055
29/5/2019,27235.71094
30/5/2019,27114.88086
31/5/2019,26901.08984
3/6/2019,26893.85938
4/6/2019,26761.51953
5/6/2019,26895.43945
6/6/2019,26965.2793
10/6/2019,27578.64063
11/6/2019,27789.33984
12/6/2019,27308.46094
13/6/2019,27294.71094
14/6/2019,27118.34961
17/6/2019,27227.16016
18/6/2019,27498.76953
19/6/2019,28202.14063
20/6/2019,28550.42969
21/6/2019,28473.71094
24/6/2019,28513
25/6/2019,28185.98047
26/6/2019,28221.98047
27/6/2019,28621.41992
28/6/2019,28542.61914
2/7/2019,28875.56055
3/7/2019,28855.14063
4/7/2019,28795.76953
5/7/2019,28774.83008
8/7/2019,28331.68945
9/7/2019,28116.2793
10/7/2019,28204.68945
11/7/2019,28431.80078
12/7/2019,28471.61914
15/7/2019,28554.88086
16/7/2019,28619.61914
17/7/2019,28593.16992
18/7/2019,28461.66016
19/7/2019,28765.40039
22/7/2019,28371.25977
23/7/2019,28466.48047
24/7/2019,28524.03906
25/7/2019,28594.30078
26/7/2019,28397.74023
29/7/2019,28106.41016
30/7/2019,28146.5
31/7/2019,27777.75
1/8/2019,27565.69922
2/8/2019,26918.58008
5/8/2019,26151.32031
6/8/2019,25976.24023
7/8/2019,25997.0293
8/8/2019,26120.76953
9/8/2019,25939.30078
12/8/2019,25824.7207
13/8/2019,25281.30078
14/8/2019,25302.2793
15/8/2019,25495.46094
16/8/2019,25734.2207
19/8/2019,26291.83984
20/8/2019,26231.53906
21/8/2019,26270.03906
22/8/2019,26048.7207
23/8/2019,26179.33008
26/8/2019,25680.33008
27/8/2019,25664.07031
28/8/2019,25615.48047
29/8/2019,25703.5
30/8/2019,25724.73047
2/9/2019,25626.55078
3/9/2019,25527.84961
4/9/2019,26523.23047
5/9/2019,26515.5293
6/9/2019,26690.75977
9/9/2019,26681.40039
10/9/2019,26683.67969
11/9/2019,27159.06055
12/9/2019,27087.63086
13/9/2019,27352.68945
16/9/2019,27124.55078
17/9/2019,26790.24023
18/9/2019,26754.11914
19/9/2019,26468.94922
20/9/2019,26435.66992
23/9/2019,26222.40039
24/9/2019,26281
25/9/2019,25945.34961
26/9/2019,26041.92969
27/9/2019,25954.81055
30/9/2019,26092.26953
2/10/2019,26042.68945
3/10/2019,26110.31055
4/10/2019,25821.0293
8/10/2019,25893.40039
9/10/2019,25682.81055
10/10/2019,25707.92969
11/10/2019,26308.43945
14/10/2019,26521.84961
15/10/2019,26503.92969
16/10/2019,26664.2793
17/10/2019,26848.49023
18/10/2019,26719.58008
21/10/2019,26725.67969
22/10/2019,26786.19922
23/10/2019,26566.73047
24/10/2019,26797.94922
25/10/2019,26667.39063
28/10/2019,26891.25977
29/10/2019,26786.75977
30/10/2019,26667.71094
31/10/2019,26906.7207
1/11/2019,27100.75977
4/11/2019,27547.30078
5/11/2019,27683.40039
6/11/2019,27688.64063
7/11/2019,27847.23047
8/11/2019,27651.14063
11/11/2019,26926.55078
12/11/2019,27065.2793
13/11/2019,26571.46094
14/11/2019,26323.68945
15/11/2019,26326.66016
18/11/2019,26681.08984
19/11/2019,27093.80078
20/11/2019,26889.60938
21/11/2019,26466.88086
22/11/2019,26595.08008
25/11/2019,26993.03906
26/11/2019,26913.91992
27/11/2019,26954
28/11/2019,26893.73047
29/11/2019,26346.49023
2/12/2019,26444.7207
3/12/2019,26391.30078
4/12/2019,26062.56055
5/12/2019,26217.03906
6/12/2019,26498.36914
9/12/2019,26494.73047
10/12/2019,26436.61914
11/12/2019,26645.42969
12/12/2019,26994.14063
13/12/2019,27687.75977
16/12/2019,27508.08984
17/12/2019,27843.71094
18/12/2019,27884.21094
19/12/2019,27800.49023
20/12/2019,27871.34961
23/12/2019,27906.41016
24/12/2019,27864.21094
27/12/2019,28225.41992
30/12/2019,28319.39063
31/12/2019,28189.75
2/1/2020,28543.51953
3/1/2020,28451.5
6/1/2020,28226.18945
7/1/2020,28322.06055
8/1/2020,28087.91992
9/1/2020,28561
10/1/2020,28638.19922
13/1/2020,28954.93945
14/1/2020,28885.14063
15/1/2020,28773.58984
16/1/2020,28883.03906
17/1/2020,29056.41992
20/1/2020,28795.91016
21/1/2020,27985.33008
22/1/2020,28341.03906
23/1/2020,27909.11914
24/1/2020,27949.64063
29/1/2020,27160.63086
30/1/2020,26449.13086
31/1/2020,26312.63086
3/2/2020,26356.98047
4/2/2020,26675.98047
5/2/2020,26786.74023
6/2/2020,27493.69922
7/2/2020,27404.26953
10/2/2020,27241.33984
11/2/2020,27583.88086
12/2/2020,27823.66016
13/2/2020,27730
14/2/2020,27815.59961
17/2/2020,27959.59961
18/2/2020,27530.19922
19/2/2020,27655.81055
20/2/2020,27609.16016
21/2/2020,27308.81055
24/2/2020,26820.88086
25/2/2020,26893.23047
26/2/2020,26696.49023
27/2/2020,26778.61914
28/2/2020,26129.92969
2/3/2020,26291.67969
3/3/2020,26284.82031
4/3/2020,26222.07031
5/3/2020,26767.86914
6/3/2020,26146.66992
9/3/2020,25040.46094
10/3/2020,25392.50977
11/3/2020,25231.60938
12/3/2020,24309.07031
13/3/2020,24032.91016
16/3/2020,23063.57031
17/3/2020,23263.73047
18/3/2020,22291.82031
19/3/2020,21709.13086
20/3/2020,22805.07031
23/3/2020,21696.13086
24/3/2020,22663.49023
25/3/2020,23527.18945
26/3/2020,23352.33984
27/3/2020,23484.2793
30/3/2020,23175.10938
31/3/2020,23603.48047
1/4/2020,23085.78906
2/4/2020,23280.06055
3/4/2020,23236.10938
6/4/2020,23749.11914
7/4/2020,24253.28906
8/4/2020,23970.36914
9/4/2020,24300.33008
14/4/2020,24435.40039
15/4/2020,24145.33984
16/4/2020,24006.44922
17/4/2020,24380
20/4/2020,24330.01953
21/4/2020,23793.55078
22/4/2020,23893.35938
23/4/2020,23977.32031
24/4/2020,23831.33008
27/4/2020,24280.14063
28/4/2020,24575.96094
29/4/2020,24643.58984
4/5/2020,23613.80078
5/5/2020,23868.66016
6/5/2020,24137.48047
7/5/2020,23980.63086
8/5/2020,24230.16992
11/5/2020,24602.06055
12/5/2020,24245.67969
13/5/2020,24180.30078
14/5/2020,23829.74023
15/5/2020,23797.4707
18/5/2020,23934.76953
19/5/2020,24388.13086
20/5/2020,24399.94922
21/5/2020,24280.0293
22/5/2020,22930.14063
25/5/2020,22952.24023
26/5/2020,23384.66016
27/5/2020,23301.35938
28/5/2020,23132.75977
29/5/2020,22961.4707
1/6/2020,23732.51953
2/6/2020,23995.93945
3/6/2020,24325.61914
4/6/2020,24366.30078
5/6/2020,24770.41016
8/6/2020,24776.76953
9/6/2020,25057.2207
10/6/2020,25049.73047
11/6/2020,24480.15039
12/6/2020,24301.38086
15/6/2020,23776.94922
16/6/2020,24344.08984
17/6/2020,24481.41016
18/6/2020,24464.93945
19/6/2020,24643.89063
22/6/2020,24511.33984
23/6/2020,24907.33984
24/6/2020,24781.58008
26/6/2020,24549.99023
29/6/2020,24301.2793
30/6/2020,24427.18945
2/7/2020,25124.18945
3/7/2020,25373.11914
6/7/2020,26339.16016
7/7/2020,25975.66016
8/7/2020,26129.17969
9/7/2020,26210.16016
10/7/2020,25727.41016
13/7/2020,25772.11914
14/7/2020,25477.89063
15/7/2020,25481.58008
16/7/2020,24970.68945
17/7/2020,25089.16992
20/7/2020,25057.99023
21/7/2020,25635.66016
22/7/2020,25057.93945
23/7/2020,25263
24/7/2020,24705.33008
27/7/2020,24603.25977
28/7/2020,24772.75977
29/7/2020,24883.14063
30/7/2020,24710.58984
31/7/2020,24595.34961
3/8/2020,24458.13086
4/8/2020,24946.63086
5/8/2020,25102.53906
6/8/2020,24930.58008
7/8/2020,24531.61914
10/8/2020,24377.42969
11/8/2020,24890.67969
12/8/2020,25244.01953
13/8/2020,25230.66992
14/8/2020,25183.00977
17/8/2020,25347.33984
18/8/2020,25367.38086
19/8/2020,25178.91016
20/8/2020,24791.39063
21/8/2020,25113.83984
24/8/2020,25551.58008
25/8/2020,25486.2207
26/8/2020,25491.78906
27/8/2020,25281.15039
28/8/2020,25422.06055
31/8/2020,25177.05078
1/9/2020,25184.84961
2/9/2020,25120.08984
3/9/2020,25007.59961
4/9/2020,24695.44922
7/9/2020,24589.65039
8/9/2020,24624.33984
9/9/2020,24468.92969
10/9/2020,24313.53906
11/9/2020,24503.31055
14/9/2020,24640.2793
15/9/2020,24732.75977
16/9/2020,24725.63086
17/9/2020,24340.84961
18/9/2020,24455.41016
21/9/2020,23950.68945
22/9/2020,23716.84961
23/9/2020,23742.50977
24/9/2020,23311.07031
25/9/2020,23235.41992
28/9/2020,23476.05078
29/9/2020,23275.5293
30/9/2020,23459.05078
5/10/2020,23767.7793
6/10/2020,23980.65039
7/10/2020,24242.85938
8/10/2020,24193.34961
9/10/2020,24119.13086
12/10/2020,24649.67969
14/10/2020,24667.08984
15/10/2020,24158.53906
16/10/2020,24386.78906
19/10/2020,24542.25977
20/10/2020,24569.53906
21/10/2020,24754.41992
22/10/2020,24786.13086
23/10/2020,24918.7793
27/10/2020,24787.18945
28/10/2020,24708.80078
29/10/2020,24586.59961
30/10/2020,24107.41992
2/11/2020,24460.00977
3/11/2020,24939.73047
4/11/2020,24886.14063
5/11/2020,25695.91992
6/11/2020,25712.9707
9/11/2020,26016.16992
10/11/2020,26301.48047
11/11/2020,26226.98047
12/11/2020,26169.38086
13/11/2020,26156.85938
16/11/2020,26381.66992
17/11/2020,26415.08984
18/11/2020,26544.28906
19/11/2020,26356.9707
20/11/2020,26451.53906
23/11/2020,26486.19922
24/11/2020,26588.19922
25/11/2020,26669.75
26/11/2020,26819.44922
27/11/2020,26894.67969
30/11/2020,26341.49023
1/12/2020,26567.67969
2/12/2020,26532.58008
3/12/2020,26728.5
4/12/2020,26835.91992
7/12/2020,26506.84961
8/12/2020,26304.56055
9/12/2020,26502.83984
10/12/2020,26410.58984
11/12/2020,26505.86914
14/12/2020,26389.51953
15/12/2020,26207.28906
16/12/2020,26460.28906
17/12/2020,26678.38086
18/12/2020,26498.59961
21/12/2020,26306.67969
22/12/2020,26119.25
23/12/2020,26343.09961
24/12/2020,26386.56055
28/12/2020,26314.63086
29/12/2020,26568.49023
30/12/2020,27147.10938
31/12/2020,27231.13086
4/1/2021,27472.81055
5/1/2021,27649.85938
6/1/2021,27692.30078
7/1/2021,27548.51953
8/1/2021,27878.2207
11/1/2021,27908.2207
12/1/2021,28276.75
13/1/2021,28235.59961
14/1/2021,28496.85938
15/1/2021,28573.85938
18/1/2021,28862.76953
19/1/2021,29642.2793
20/1/2021,29962.4707
21/1/2021,29927.75977
22/1/2021,29447.84961
25/1/2021,30159.00977
26/1/2021,29391.25977
27/1/2021,29297.5293
28/1/2021,28550.76953
29/1/2021,28283.71094
1/2/2021,28892.85938
2/2/2021,29248.69922
3/2/2021,29307.46094
4/2/2021,29113.5
5/2/2021,29288.67969
8/2/2021,29319.4707
9/2/2021,29476.18945
10/2/2021,30038.7207
11/2/2021,30173.57031
16/2/2021,30746.66016
17/2/2021,31084.93945
18/2/2021,30595.26953
19/2/2021,30644.73047
22/2/2021,30319.83008
23/2/2021,30632.64063
24/2/2021,29718.24023
25/2/2021,30074.16992
26/2/2021,28980.21094
1/3/2021,29452.57031
2/3/2021,29095.85938
3/3/2021,29880.41992
4/3/2021,29236.78906
5/3/2021,29098.28906
8/3/2021,28540.83008
9/3/2021,28773.23047
10/3/2021,28907.51953
11/3/2021,29385.60938
12/3/2021,28739.7207
15/3/2021,28833.75977
16/3/2021,29027.68945
17/3/2021,29034.11914
18/3/2021,29405.7207
19/3/2021,28990.93945
22/3/2021,28885.33984
23/3/2021,28497.38086
24/3/2021,27918.14063
25/3/2021,27899.60938
26/3/2021,28336.42969
29/3/2021,28338.30078
30/3/2021,28577.5
31/3/2021,28378.34961
1/4/2021,28938.74023
7/4/2021,28674.80078
8/4/2021,29008.07031
9/4/2021,28698.80078
12/4/2021,28453.2793
13/4/2021,28497.25
14/4/2021,28900.83008
15/4/2021,28793.14063
16/4/2021,28969.71094
19/4/2021,29106.15039
20/4/2021,29135.73047
21/4/2021,28621.91992
22/4/2021,28755.33984
23/4/2021,29078.75
26/4/2021,28952.83008
27/4/2021,28941.53906
28/4/2021,29071.33984
29/4/2021,29303.25977
30/4/2021,28724.88086
3/5/2021,28357.53906
4/5/2021,28557.14063
5/5/2021,28417.98047
6/5/2021,28637.46094
7/5/2021,28610.65039
10/5/2021,28595.66016
11/5/2021,28013.81055
12/5/2021,28231.03906
13/5/2021,27718.66992
14/5/2021,28027.57031
17/5/2021,28194.08984
18/5/2021,28593.81055
20/5/2021,28450.28906
21/5/2021,28458.43945
24/5/2021,28412.25977
25/5/2021,28910.85938
26/5/2021,29166.00977
27/5/2021,29113.19922
28/5/2021,29124.41016
31/5/2021,29151.80078
1/6/2021,29468
2/6/2021,29297.61914
3/6/2021,28966.0293
4/6/2021,28918.09961
7/6/2021,28787.2793
8/6/2021,28781.38086
9/6/2021,28742.63086
10/6/2021,28738.88086
11/6/2021,28842.13086
15/6/2021,28638.5293
16/6/2021,28436.83984
17/6/2021,28558.58984
18/6/2021,28801.26953
21/6/2021,28489
22/6/2021,28309.75977
23/6/2021,28817.07031
24/6/2021,28882.46094
25/6/2021,29288.2207
28/6/2021,29268.30078
29/6/2021,28994.09961
30/6/2021,28827.94922
2/7/2021,28310.41992
5/7/2021,28143.5
6/7/2021,28072.85938
7/7/2021,27960.61914
8/7/2021,27153.13086
9/7/2021,27344.53906
12/7/2021,27515.24023
13/7/2021,27963.41016
14/7/2021,27787.46094
15/7/2021,27996.26953
16/7/2021,28004.67969
19/7/2021,27489.7793
20/7/2021,27259.25
21/7/2021,27224.58008
22/7/2021,27723.83984
23/7/2021,27321.98047
26/7/2021,26192.32031
27/7/2021,25086.42969
28/7/2021,25473.88086
29/7/2021,26315.32031
30/7/2021,25961.0293
2/8/2021,26235.80078
3/8/2021,26194.82031
4/8/2021,26426.55078
5/8/2021,26204.68945
6/8/2021,26179.40039
9/8/2021,26283.40039
10/8/2021,26605.61914
11/8/2021,26660.16016
12/8/2021,26517.82031
13/8/2021,26391.61914
16/8/2021,26181.46094
17/8/2021,25745.86914
18/8/2021,25867.00977
19/8/2021,25316.33008
20/8/2021,24849.7207
23/8/2021,25109.58984
24/8/2021,25727.91992
25/8/2021,25693.94922
26/8/2021,25415.68945
27/8/2021,25407.89063
30/8/2021,25539.53906
31/8/2021,25878.99023
1/9/2021,26028.28906
2/9/2021,26090.42969
3/9/2021,25901.99023
6/9/2021,26163.63086
7/9/2021,26353.63086
8/9/2021,26320.92969
9/9/2021,25716
10/9/2021,26205.91016
13/9/2021,25813.81055
14/9/2021,25502.23047
15/9/2021,25033.21094
16/9/2021,24667.84961
17/9/2021,24920.75977
20/9/2021,24099.14063
21/9/2021,24221.53906
23/9/2021,24510.98047
24/9/2021,24192.16016
27/9/2021,24208.7793
28/9/2021,24500.39063
29/9/2021,24663.5
30/9/2021,24575.64063
4/10/2021,24036.36914
5/10/2021,24104.15039
6/10/2021,23966.49023
7/10/2021,24701.73047
8/10/2021,24837.84961
11/10/2021,25325.08984
12/10/2021,24962.58984
15/10/2021,25330.96094
18/10/2021,25409.75
19/10/2021,25787.21094
20/10/2021,26136.01953
21/10/2021,26017.5293
22/10/2021,26126.92969
25/10/2021,26132.0293
26/10/2021,26038.26953
27/10/2021,25628.74023
28/10/2021,25555.73047
29/10/2021,25377.24023
1/11/2021,25154.32031
2/11/2021,25099.66992
3/11/2021,25024.75
4/11/2021,25225.18945
5/11/2021,24870.50977
8/11/2021,24763.76953
9/11/2021,24813.13086
10/11/2021,24996.14063
11/11/2021,25247.99023
12/11/2021,25327.9707
15/11/2021,25390.91016
16/11/2021,25713.7793
17/11/2021,25650.08008
18/11/2021,25319.7207
19/11/2021,25049.9707
22/11/2021,24951.33984
23/11/2021,24651.58008
24/11/2021,24685.5
25/11/2021,24740.16016
26/11/2021,24080.51953
29/11/2021,23852.24023
30/11/2021,23475.25977
1/12/2021,23658.91992
2/12/2021,23788.92969
3/12/2021,23766.68945
6/12/2021,23349.38086
7/12/2021,23983.66016
8/12/2021,23996.86914
9/12/2021,24254.85938
10/12/2021,23995.7207
13/12/2021,23954.58008
14/12/2021,23635.94922
15/12/2021,23420.75977
16/12/2021,23475.5
17/12/2021,23192.63086
20/12/2021,22744.85938
21/12/2021,22971.33008
22/12/2021,23102.33008
23/12/2021,23193.64063
24/12/2021,23223.75977
28/12/2021,23280.56055
29/12/2021,23086.53906
30/12/2021,23112.00977
31/12/2021,23397.66992
3/1/2022,23274.75
4/1/2022,23289.83984
5/1/2022,22907.25
6/1/2022,23072.85938
7/1/2022,23493.38086
10/1/2022,23746.53906
11/1/2022,23739.06055
12/1/2022,24402.16992
13/1/2022,24429.76953
14/1/2022,24383.32031
17/1/2022,24218.0293
18/1/2022,24112.7793
19/1/2022,24127.84961
20/1/2022,24952.34961
21/1/2022,24965.55078
24/1/2022,24656.46094
25/1/2022,24243.60938
26/1/2022,24289.90039
27/1/2022,23807
28/1/2022,23550.08008
31/1/2022,23802.25977
4/2/2022,24573.28906
7/2/2022,24579.55078
8/2/2022,24329.49023
9/2/2022,24829.99023
10/2/2022,24924.34961
11/2/2022,24906.66016
14/2/2022,24556.57031
15/2/2022,24355.71094
16/2/2022,24718.90039
17/2/2022,24792.76953
18/2/2022,24327.71094
21/2/2022,24170.07031
22/2/2022,23520
23/2/2022,23660.2793
24/2/2022,22901.56055
25/2/2022,22767.17969
28/2/2022,22713.01953
1/3/2022,22761.71094
2/3/2022,22343.91992
3/3/2022,22467.33984
4/3/2022,21905.28906
7/3/2022,21057.63086
8/3/2022,20765.86914
9/3/2022,20627.71094
10/3/2022,20890.25977
11/3/2022,20553.78906
14/3/2022,19531.66016
15/3/2022,18415.08008
16/3/2022,20087.5
17/3/2022,21501.23047
18/3/2022,21412.40039
21/3/2022,21221.33984
22/3/2022,21889.2793
23/3/2022,22154.08008
24/3/2022,21945.94922
25/3/2022,21404.88086
28/3/2022,21684.9707
29/3/2022,21927.63086
30/3/2022,22232.0293
31/3/2022,21996.84961
1/4/2022,22039.55078
4/4/2022,22502.31055
6/4/2022,22080.51953
7/4/2022,21808.98047
8/4/2022,21872.00977
11/4/2022,21208.30078
12/4/2022,21319.13086
13/4/2022,21374.36914
14/4/2022,21518.08008
19/4/2022,21027.75977
20/4/2022,20944.66992
21/4/2022,20682.2207
22/4/2022,20638.51953
25/4/2022,19869.33984
26/4/2022,19934.71094
27/4/2022,19946.35938
28/4/2022,20276.16992
29/4/2022,21089.39063
3/5/2022,21101.89063
4/5/2022,20869.51953
5/5/2022,20793.40039
6/5/2022,20001.96094
10/5/2022,19633.68945
11/5/2022,19824.57031
12/5/2022,19380.33984
13/5/2022,19898.76953
16/5/2022,19950.21094
17/5/2022,20602.51953
18/5/2022,20644.2793
19/5/2022,20120.67969
20/5/2022,20717.24023
23/5/2022,20470.06055
24/5/2022,20112.09961
25/5/2022,20171.26953
26/5/2022,20116.19922
27/5/2022,20697.35938
30/5/2022,21123.92969
31/5/2022,21415.19922
1/6/2022,21294.93945
2/6/2022,21082.13086
6/6/2022,21653.90039
7/6/2022,21531.66992
8/6/2022,22014.58984
9/6/2022,21869.05078
10/6/2022,21806.17969
13/6/2022,21067.58008
14/6/2022,21067.99023
15/6/2022,21308.21094
16/6/2022,20845.42969
17/6/2022,21075
20/6/2022,21163.91016
21/6/2022,21559.58984
22/6/2022,21008.33984
23/6/2022,21273.86914
24/6/2022,21719.06055
27/6/2022,22229.51953
28/6/2022,22418.9707
29/6/2022,21996.89063
30/6/2022,21859.78906
4/7/2022,21830.34961
5/7/2022,21853.07031
6/7/2022,21586.66016
7/7/2022,21643.58008
8/7/2022,21725.7793
11/7/2022,21124.19922
12/7/2022,20844.74023
13/7/2022,20797.94922
14/7/2022,20751.21094
15/7/2022,20297.7207
18/7/2022,20846.17969
19/7/2022,20661.06055
20/7/2022,20890.2207
21/7/2022,20574.63086
22/7/2022,20609.14063
25/7/2022,20562.93945
26/7/2022,20905.88086
27/7/2022,20670.03906
28/7/2022,20622.67969
29/7/2022,20156.50977
1/8/2022,20165.83984
2/8/2022,19689.21094
3/8/2022,19767.08984
4/8/2022,20174.03906
5/8/2022,20201.93945
8/8/2022,20045.76953
9/8/2022,20003.43945
10/8/2022,19610.83984
11/8/2022,20082.42969
12/8/2022,20175.61914
15/8/2022,20040.85938
16/8/2022,19830.51953
17/8/2022,19922.44922
18/8/2022,19763.91016
19/8/2022,19773.0293
22/8/2022,19656.98047
23/8/2022,19503.25
24/8/2022,19268.74023
25/8/2022,19968.38086
26/8/2022,20170.03906
29/8/2022,20023.2207
30/8/2022,19949.0293
31/8/2022,19954.39063
1/9/2022,19597.31055
2/9/2022,19452.08984
5/9/2022,19225.69922
6/9/2022,19202.73047
7/9/2022,19044.30078
8/9/2022,18854.61914
9/9/2022,19362.25
13/9/2022,19326.85938
14/9/2022,18847.09961
15/9/2022,18930.38086
16/9/2022,18761.68945
19/9/2022,18565.9707
20/9/2022,18781.41992
21/9/2022,18444.61914
22/9/2022,18147.94922
23/9/2022,17933.26953
26/9/2022,17855.14063
27/9/2022,17860.31055
28/9/2022,17250.88086
29/9/2022,17165.86914
30/9/2022,17222.83008
3/10/2022,17079.50977
5/10/2022,18087.9707
6/10/2022,18012.15039
7/10/2022,17740.05078
10/10/2022,17216.66016
11/10/2022,16832.35938
12/10/2022,16701.0293
13/10/2022,16389.10938
14/10/2022,16587.68945
17/10/2022,16612.90039
18/10/2022,16914.58008
19/10/2022,16511.2793
20/10/2022,16280.21973
21/10/2022,16211.12012
24/10/2022,15180.69043
25/10/2022,15165.58984
26/10/2022,15317.66992
27/10/2022,15427.94043
28/10/2022,14863.05957
31/10/2022,14687.01953
1/11/2022,15455.26953
2/11/2022,15827.16992
3/11/2022,15339.49023
4/11/2022,16161.13965
7/11/2022,16595.91016
8/11/2022,16557.31055
9/11/2022,16358.51953
10/11/2022,16081.04004
11/11/2022,17325.66016
14/11/2022,17619.71094
15/11/2022,18343.11914
16/11/2022,18256.48047
17/11/2022,18045.66016
18/11/2022,17992.53906
21/11/2022,17655.91016
22/11/2022,17424.41016
23/11/2022,17523.81055
24/11/2022,17660.90039
25/11/2022,17573.58008
28/11/2022,17297.93945
29/11/2022,18204.67969
30/11/2022,18597.23047
1/12/2022,18736.43945
2/12/2022,18675.34961
5/12/2022,19518.28906
6/12/2022,19441.17969
7/12/2022,18814.82031
8/12/2022,19450.23047
9/12/2022,19900.86914
12/12/2022,19463.63086
13/12/2022,19596.19922
14/12/2022,19673.44922
15/12/2022,19368.58984
16/12/2022,19450.66992
19/12/2022,19352.81055
20/12/2022,19094.80078
21/12/2022,19160.49023
22/12/2022,19679.2207
23/12/2022,19593.06055
28/12/2022,19898.91016
29/12/2022,19741.14063
30/12/2022,19781.41016
3/1/2023,20145.28906
4/1/2023,20793.10938
5/1/2023,21052.16992
6/1/2023,20991.64063
9/1/2023,21388.33984
10/1/2023,21331.46094
11/1/2023,21436.05078
12/1/2023,21514.09961
13/1/2023,21738.66016
16/1/2023,21746.7207
17/1/2023,21577.64063
18/1/2023,21678
19/1/2023,21650.98047
20/1/2023,22044.65039
26/1/2023,22566.7793
27/1/2023,22688.90039
30/1/2023,22069.73047
31/1/2023,21842.33008
1/2/2023,22072.17969
2/2/2023,21958.35938
3/2/2023,21660.4707
6/2/2023,21222.16016
7/2/2023,21298.69922
8/2/2023,21283.51953
9/2/2023,21624.35938
10/2/2023,21190.41992
13/2/2023,21164.41992
14/2/2023,21113.75977
15/2/2023,20812.16992
16/2/2023,20987.66992
17/2/2023,20719.81055
20/2/2023,20886.96094
21/2/2023,20529.49023
22/2/2023,20423.83984
23/2/2023,20351.34961
24/2/2023,20010.03906
27/2/2023,19943.50977
28/2/2023,19785.93945
1/3/2023,20619.71094
2/3/2023,20429.46094
3/3/2023,20567.53906
6/3/2023,20603.18945
7/3/2023,20534.48047
8/3/2023,20051.25
9/3/2023,19925.74023
10/3/2023,19319.91992
13/3/2023,19695.9707
14/3/2023,19247.96094
15/3/2023,19539.86914
16/3/2023,19203.91016
17/3/2023,19518.58984
20/3/2023,19000.71094
21/3/2023,19258.75977
22/3/2023,19591.42969
23/3/2023,20049.64063
24/3/2023,19915.67969
27/3/2023,19567.68945
28/3/2023,19784.65039
29/3/2023,20192.40039
30/3/2023,20309.13086
31/3/2023,20400.10938
3/4/2023,20409.17969
4/4/2023,20274.58984
6/4/2023,20331.19922
11/4/2023,20485.24023
12/4/2023,20309.85938
13/4/2023,20344.48047
14/4/2023,20438.81055
17/4/2023,20782.44922
18/4/2023,20650.50977
19/4/2023,20367.75977
20/4/2023,20396.9707
21/4/2023,20075.73047
24/4/2023,19959.93945
25/4/2023,19617.88086
26/4/2023,19757.26953
27/4/2023,19840.2793
28/4/2023,19894.57031
2/5/2023,19933.81055
3/5/2023,19699.16016
4/5/2023,19948.73047
5/5/2023,20049.31055
8/5/2023,20297.0293
9/5/2023,19867.58008
10/5/2023,19762.19922
11/5/2023,19743.78906
12/5/2023,19627.24023
15/5/2023,19971.13086
16/5/2023,19978.25
17/5/2023,19560.57031
18/5/2023,19727.25
19/5/2023,19450.57031
22/5/2023,19678.16992
23/5/2023,19431.25
24/5/2023,19115.92969
25/5/2023,18746.91992
29/5/2023,18551.10938
30/5/2023,18595.7793
31/5/2023,18234.26953
1/6/2023,18216.91016
2/6/2023,18949.93945
5/6/2023,19108.5
6/6/2023,19099.2793
7/6/2023,19252
8/6/2023,19299.17969
9/6/2023,19389.94922
12/6/2023,19404.31055
13/6/2023,19521.41992
14/6/2023,19408.41992
15/6/2023,19828.91992
16/6/2023,20040.36914
19/6/2023,19912.89063
20/6/2023,19607.08008
21/6/2023,19218.34961
23/6/2023,18889.9707
26/6/2023,18794.13086
27/6/2023,19148.13086
28/6/2023,19172.05078
29/6/2023,18934.35938
30/6/2023,18916.42969
3/7/2023,19306.58984
4/7/2023,19415.67969
5/7/2023,19110.38086
6/7/2023,18533.05078
7/7/2023,18365.69922
10/7/2023,18479.7207
11/7/2023,18659.83008
12/7/2023,18860.94922
13/7/2023,19350.61914
14/7/2023,19413.7793
18/7/2023,19015.7207
19/7/2023,18952.31055
20/7/2023,18928.01953
21/7/2023,19075.25977
24/7/2023,18668.15039
25/7/2023,19434.40039
26/7/2023,19365.14063
27/7/2023,19639.10938
28/7/2023,19916.56055
31/7/2023,20078.93945
1/8/2023,20011.11914
2/8/2023,19517.38086
3/8/2023,19420.86914
4/8/2023,19539.46094
7/8/2023,19537.91992
8/8/2023,19184.16992
9/8/2023,19246.0293
10/8/2023,19248.25977
11/8/2023,19075.18945
14/8/2023,18773.55078
15/8/2023,18581.10938
16/8/2023,18329.30078
17/8/2023,18326.63086
18/8/2023,17950.84961
21/8/2023,17623.28906
22/8/2023,17791.00977
23/8/2023,17845.91992
24/8/2023,18212.16992
25/8/2023,18119.39063
28/8/2023,18130.74023
29/8/2023,18484.0293
30/8/2023,18482.85938
31/8/2023,18382.06055
4/9/2023,18844.16016
5/9/2023,18456.91016
6/9/2023,18449.98047
7/9/2023,18202.07031
11/9/2023,18096.44922
12/9/2023,18025.89063
13/9/2023,18009.2207
14/9/2023,18047.91992
15/9/2023,18182.89063
18/9/2023,17930.55078
19/9/2023,17997.16992
20/9/2023,17885.59961
21/9/2023,17655.41016
22/9/2023,18057.44922
25/9/2023,17729.28906
26/9/2023,17466.90039
27/9/2023,17611.86914
28/9/2023,17373.0293
29/9/2023,17809.66016
3/10/2023,17331.2207
4/10/2023,17195.83984
5/10/2023,17213.86914
6/10/2023,17485.98047
9/10/2023,17517.40039
10/10/2023,17664.73047
11/10/2023,17893.09961
12/10/2023,18238.21094
13/10/2023,17813.44922
16/10/2023,17640.35938
17/10/2023,17773.33984
18/10/2023,17732.51953
19/10/2023,17295.89063
20/10/2023,17172.13086
24/10/2023,16991.5293
25/10/2023,17085.33008
26/10/2023,17044.60938
27/10/2023,17398.73047
30/10/2023,17406.35938
31/10/2023,17112.48047
1/11/2023,17101.7793
2/11/2023,17230.58984
3/11/2023,17664.11914
6/11/2023,17966.58984
7/11/2023,17670.16016
8/11/2023,17568.46094
9/11/2023,17511.28906
10/11/2023,17203.25977
13/11/2023,17426.21094
14/11/2023,17396.85938
15/11/2023,18079
16/11/2023,17832.82031
17/11/2023,17454.18945
20/11/2023,17778.07031
21/11/2023,17733.89063
22/11/2023,17734.59961
23/11/2023,17910.83984
24/11/2023,17559.41992
27/11/2023,17525.06055
28/11/2023,17354.14063
29/11/2023,16993.43945
30/11/2023,17042.88086
1/12/2023,16830.30078
4/12/2023,16646.05078
5/12/2023,16327.86035
6/12/2023,16463.25977
7/12/2023,16345.88965
8/12/2023,16334.37012
11/12/2023,16201.49023
12/12/2023,16374.5
13/12/2023,16228.75
14/12/2023,16402.18945
15/12/2023,16792.18945
18/12/2023,16629.23047
19/12/2023,16505
20/12/2023,16613.81055
21/12/2023,16621.13086
22/12/2023,16340.41016
27/12/2023,16624.83984
28/12/2023,17043.5293
29/12/2023,17047.39063
2/1/2024,16788.55078
3/1/2024,16646.41016
4/1/2024,16645.98047
5/1/2024,16535.33008
8/1/2024,16224.4502
9/1/2024,16190.01953
10/1/2024,16097.28027
11/1/2024,16302.04004
12/1/2024,16244.58008
15/1/2024,16216.33008
16/1/2024,15865.91992
17/1/2024,15276.90039
18/1/2024,15391.79004
19/1/2024,15308.69043
22/1/2024,14961.17969
23/1/2024,15353.98047
24/1/2024,15899.87012
25/1/2024,16211.95996
26/1/2024,15952.23047
29/1/2024,16077.24023
30/1/2024,15703.4502
31/1/2024,15485.07031
1/2/2024,15566.20996
2/2/2024,15533.55957
5/2/2024,15510.00977
6/2/2024,16136.87012
7/2/2024,16081.88965
8/2/2024,15878.07031
9/2/2024,15746.58008
14/2/2024,15879.37988
15/2/2024,15944.62988
16/2/2024,16339.95996
19/2/2024,16155.61035
20/2/2024,16247.50977
21/2/2024,16503.09961
22/2/2024,16742.94922
23/2/2024,16725.85938
26/2/2024,16634.74023
27/2/2024,16790.80078
28/2/2024,16536.84961
29/2/2024,16511.43945
1/3/2024,16589.43945
4/3/2024,16595.9707
5/3/2024,16162.63965
6/3/2024,16438.08984
7/3/2024,16229.78027
8/3/2024,16353.38965
11/3/2024,16587.57031
12/3/2024,17093.5
13/3/2024,17082.10938
14/3/2024,16961.66016
15/3/2024,16720.89063
18/3/2024,16737.11914
19/3/2024,16529.48047
20/3/2024,16543.07031
21/3/2024,16863.09961
22/3/2024,16499.4707
25/3/2024,16473.64063
26/3/2024,16618.32031
27/3/2024,16392.83984
28/3/2024,16541.41992
2/4/2024,16931.51953
3/4/2024,16725.09961
5/4/2024,16723.91992
8/4/2024,16732.84961
9/4/2024,16828.07031
10/4/2024,17139.16992
11/4/2024,17095.0293
12/4/2024,16721.68945
15/4/2024,16600.46094
16/4/2024,16248.96973
17/4/2024,16251.83984
18/4/2024,16385.86914
19/4/2024,16224.13965
22/4/2024,16511.68945
23/4/2024,16828.92969
24/4/2024,17201.26953
25/4/2024,17284.53906
26/4/2024,17651.15039
29/4/2024,17746.91016
30/4/2024,17763.0293
2/5/2024,18207.13086
3/5/2024,18475.91992
6/5/2024,18578.30078
7/5/2024,18479.36914
8/5/2024,18313.85938
9/5/2024,18537.81055
10/5/2024,18963.67969
13/5/2024,19115.06055
14/5/2024,19073.71094
16/5/2024,19376.5293
17/5/2024,19553.60938
20/5/2024,19636.2207
21/5/2024,19220.61914
22/5/2024,19195.59961
23/5/2024,18868.71094
24/5/2024,18608.93945
27/5/2024,18827.34961
28/5/2024,18821.16016
29/5/2024,18477.00977
30/5/2024,18230.18945
31/5/2024,18079.60938
3/6/2024,18403.03906
4/6/2024,18444.10938
5/6/2024,18424.96094
6/6/2024,18476.80078
7/6/2024,18366.94922
11/6/2024,18176.33984
12/6/2024,17937.83984
13/6/2024,18112.63086
14/6/2024,17941.7793
17/6/2024,17936.11914
18/6/2024,17915.55078
19/6/2024,18430.39063
20/6/2024,18335.32031
21/6/2024,18028.51953
24/6/2024,18027.71094
25/6/2024,18072.90039
26/6/2024,18089.92969
27/6/2024,17716.4707
28/6/2024,17718.60938
2/7/2024,17769.14063
3/7/2024,17978.57031
4/7/2024,18028.2793
5/7/2024,17799.60938
8/7/2024,17524.06055
9/7/2024,17523.23047
10/7/2024,17471.66992
11/7/2024,17832.33008
12/7/2024,18293.38086
15/7/2024,18015.93945
16/7/2024,17727.98047
17/7/2024,17739.41016
18/7/2024,17778.41016
19/7/2024,17417.67969
22/7/2024,17635.88086
23/7/2024,17469.35938
24/7/2024,17311.05078
25/7/2024,17021.91016
26/7/2024,17021.31055
29/7/2024,17238.33984
30/7/2024,17002.91016
31/7/2024,17344.59961
1/8/2024,17304.96094
2/8/2024,16945.50977
5/8/2024,16698.35938
6/8/2024,16647.33984
7/8/2024,16877.85938
8/8/2024,16891.83008
9/8/2024,17090.23047
12/8/2024,17111.65039
13/8/2024,17174.06055
14/8/2024,17113.35938
15/8/2024,17109.14063
16/8/2024,17430.16016
19/8/2024,17569.57031
20/8/2024,17511.08008
21/8/2024,17391.00977
22/8/2024,17641
23/8/2024,17612.09961
26/8/2024,17798.73047
27/8/2024,17874.66992
28/8/2024,17692.44922
29/8/2024,17786.32031
30/8/2024,17989.07031
2/9/2024,17691.9707
3/9/2024,17651.49023
4/9/2024,17457.33984
5/9/2024,17444.30078
9/9/2024,17196.96094
10/9/2024,17234.08984
11/9/2024,17108.71094
12/9/2024,17240.39063
13/9/2024,17369.08984
16/9/2024,17422.11914
17/9/2024,17660.01953
19/9/2024,18013.16016
20/9/2024,18258.57031
23/9/2024,18247.10938
24/9/2024,19000.56055
25/9/2024,19129.09961
26/9/2024,19924.58008
27/9/2024,20632.30078
30/9/2024,21133.67969
2/10/2024,22443.73047
3/10/2024,22113.50977
4/10/2024,22736.86914
7/10/2024,23099.7793
8/10/2024,20926.78906
9/10/2024,20637.24023
10/10/2024,21251.98047
14/10/2024,21092.86914
15/10/2024,20318.78906
16/10/2024,20286.84961
17/10/2024,20079.09961
18/10/2024,20804.10938
21/10/2024,20478.46094
22/10/2024,20498.94922
23/10/2024,20760.15039
24/10/2024,20489.61914
25/10/2024,20590.15039
28/10/2024,20599.35938
29/10/2024,20701.14063
30/10/2024,20380.64063
31/10/2024,20317.33008
1/11/2024,20506.42969
4/11/2024,20567.51953
5/11/2024,21006.9707
6/11/2024,20538.38086
7/11/2024,20953.33984
8/11/2024,20728.18945
11/11/2024,20426.92969
12/11/2024,19846.88086
13/11/2024,19823.44922
14/11/2024,19435.81055
15/11/2024,19426.33984
18/11/2024,19576.60938
19/11/2024,19663.66992
20/11/2024,19705.00977
21/11/2024,19601.10938
22/11/2024,19229.9707
25/11/2024,19150.99023
26/11/2024,19159.19922
27/11/2024,19603.13086
28/11/2024,19366.96094
29/11/2024,19423.60938
2/12/2024,19550.28906
3/12/2024,19746.32031
4/12/2024,19742.46094
5/12/2024,19560.43945
6/12/2024,19865.84961
9/12/2024,20414.08984
10/12/2024,20311.2793
11/12/2024,20155.05078
12/12/2024,20397.05078
13/12/2024,19971.24023
16/12/2024,19795.49023
17/12/2024,19700.48047
18/12/2024,19864.55078
19/12/2024,19752.50977
20/12/2024,19720.69922
23/12/2024,19883.13086
24/12/2024,20098.28906
27/12/2024,20090.46094
30/12/2024,20041.41992
31/12/2024,20059.94922
2/1/2025,19623.32031
3/1/2025,19760.26953
6/1/2025,19688.28906
7/1/2025,19447.58008
8/1/2025,19279.83984
9/1/2025,19240.89063
10/1/2025,19064.28906
13/1/2025,18874.14063
14/1/2025,19219.7793
15/1/2025,19286.07031
16/1/2025,19522.89063
17/1/2025,19584.06055
20/1/2025,19925.81055
21/1/2025,20106.55078
22/1/2025,19778.76953
23/1/2025,19700.56055
24/1/2025,20066.18945
27/1/2025,20197.76953
28/1/2025,20225.10938
3/2/2025,20217.25977
4/2/2025,20789.96094
5/2/2025,20597.08984
6/2/2025,20891.61914
7/2/2025,21133.53906
10/2/2025,21521.98047
11/2/2025,21294.85938
12/2/2025,21857.91992
13/2/2025,21814.36914
14/2/2025,22620.33008
17/2/2025,22616.23047
18/2/2025,22976.81055
19/2/2025,22944.24023
20/2/2025,22576.98047
21/2/2025,23477.91992
24/2/2025,23341.60938
25/2/2025,23034.01953
26/2/2025,23787.92969
27/2/2025,23718.28906
28/2/2025,22941.32031
3/3/2025,23006.26953
4/3/2025,22941.76953
5/3/2025,23594.21094
6/3/2025,24369.71094
7/3/2025,24231.30078
10/3/2025,23783.49023
11/3/2025,23782.14063
12/3/2025,23600.31055
13/3/2025,23462.65039
14/3/2025,23959.98047
17/3/2025,24145.57031
18/3/2025,24740.57031
19/3/2025,24771.14063
20/3/2025,24219.94922
21/3/2025,23689.7207
24/3/2025,23905.56055
25/3/2025,23344.25
26/3/2025,23483.32031
27/3/2025,23578.80078
28/3/2025,23426.59961
31/3/2025,23119.58008
1/4/2025,23206.83984
2/4/2025,23202.5293
3/4/2025,22849.81055
7/4/2025,19828.30078
8/4/2025,20127.67969
9/4/2025,20264.49023
10/4/2025,20681.7793
11/4/2025,20914.68945
14/4/2025,21417.40039
15/4/2025,21466.26953
16/4/2025,21056.98047
17/4/2025,21395.14063
22/4/2025,21562.32031
23/4/2025,22072.61914
24/4/2025,21909.75977
25/4/2025,21980.74023
28/4/2025,21971.96094
29/4/2025,22008.10938
30/4/2025,22119.41016
2/5/2025,22504.67969
6/5/2025,22662.71094
7/5/2025,22691.88086
8/5/2025,22775.91992
9/5/2025,22867.74023
12/5/2025,23549.46094
13/5/2025,23108.26953
14/5/2025,23640.65039
15/5/2025,23453.16016
16/5/2025,23345.05078
19/5/2025,23332.7207
20/5/2025,23681.48047
21/5/2025,23827.7793
22/5/2025,23544.31055
23/5/2025,23601.25977
26/5/2025,23282.33008
27/5/2025,23381.99023
28/5/2025,23258.31055
29/5/2025,23573.38086
30/5/2025,23289.76953
2/6/2025,23157.9707
3/6/2025,23512.49023
4/6/2025,23654.0293
5/6/2025,23906.9707
6/6/2025,23792.53906
9/6/2025,24181.42969
10/6/2025,24162.86914
11/6/2025,24366.93945
12/6/2025,24035.38086
13/6/2025,23892.56055
16/6/2025,24060.99023
17/6/2025,23980.30078
18/6/2025,23710.68945
19/6/2025,23237.74023
20/6/2025,23530.48047
23/6/2025,23689.13086
24/6/2025,24177.07031
25/6/2025,24474.66992
26/6/2025,24325.40039
27/6/2025,24284.15039
30/6/2025,24072.2793
2/7/2025,24221.41016
3/7/2025,24069.93945
4/7/2025,23916.06055
7/7/2025,23887.83008
8/7/2025,24148.07031
9/7/2025,23892.32031
10/7/2025,24028.36914
11/7/2025,24139.57031
14/7/2025,24203.32031
15/7/2025,24590.11914
16/7/2025,24517.75977
17/7/2025,24498.94922
18/7/2025,24825.66016
21/7/2025,24994.14063
22/7/2025,25130.0293
23/7/2025,25538.07031
24/7/2025,25667.17969
25/7/2025,25388.34961
28/7/2025,25562.13086
29/7/2025,25524.44922
30/7/2025,25176.92969
31/7/2025,24773.33008
1/8/2025,24507.81055
4/8/2025,24733.44922
5/8/2025,24902.5293
6/8/2025,24910.63086
7/8/2025,25081.63086
8/8/2025,24858.82031
11/8/2025,24906.81055
12/8/2025,24969.67969
13/8/2025,25613.66992
14/8/2025,25519.32031
15/8/2025,25270.07031
18/8/2025,25176.84961
19/8/2025,25122.90039
20/8/2025,25165.93945
21/8/2025,25104.60938
22/8/2025,25339.14063
25/8/2025,25829.91016
26/8/2025,25524.91992
27/8/2025,25201.75977
28/8/2025,24998.82031
29/8/2025,25077.61914
1/9/2025,25617.41992
2/9/2025,25496.55078
3/9/2025,25343.42969
4/9/2025,25058.50977
5/9/2025,25417.98047
8/9/2025,25633.91016
9/9/2025,25938.13086
10/9/2025,26200.25977
11/9/2025,26086.32031
12/9/2025,26388.16016
15/9/2025,26446.56055
16/9/2025,26438.50977
17/9/2025,26908.39063
18/9/2025,26544.84961
19/9/2025,26545.09961
22/9/2025,26344.14063
23/9/2025,26159.11914
24/9/2025,26518.65039
25/9/2025,26484.67969
26/9/2025,26128.19922
29/9/2025,26622.88086
30/9/2025,26855.56055
2/10/2025,27287.11914
3/10/2025,27140.91992
6/10/2025,26957.76953
8/10/2025,26829.46094
9/10/2025,26752.58984
10/10/2025,26290.32031
13/10/2025,25889.48047
14/10/2025,25441.34961
15/10/2025,25910.59961
16/10/2025,25888.50977
17/10/2025,25247.09961
20/10/2025,25858.83008
21/10/2025,26027.55078
22/10/2025,25781.76953
23/10/2025,25967.98047
24/10/2025,26160.15039
27/10/2025,26433.69922
28/10/2025,26346.14063
30/10/2025,26282.68945
31/10/2025,25906.65039
3/11/2025,26158.35938
4/11/2025,25952.40039
5/11/2025,25935.41016
6/11/2025,26485.90039
7/11/2025,26241.83008
10/11/2025,26649.06055
11/11/2025,26696.41016
12/11/2025,26922.73047
13/11/2025,27073.0293
14/11/2025,26572.46094
17/11/2025,26384.2793
18/11/2025,25930.0293
19/11/2025,25830.65039
20/11/2025,25835.57031
21/11/2025,25220.01953
24/11/2025,25716.5
25/11/2025,25894.55078
26/11/2025,25928.08008
27/11/2025,25945.92969
28/11/2025,25858.89063
1/12/2025,26033.25977
2/12/2025,26095.05078
3/12/2025,25760.73047
4/12/2025,25935.90039
5/12/2025,26085.08008
8/12/2025,25765.35938
9/12/2025,25434.23047
10/12/2025,25540.7793
11/12/2025,25530.50977
12/12/2025,25976.78906
15/12/2025,25628.88086
16/12/2025,25235.41016
17/12/2025,25468.7793
18/12/2025,25498.13086
19/12/2025,25690.5293
22/12/2025,25801.76953
23/12/2025,25774.14063
24/12/2025,25818.92969
29/12/2025,25635.23047
30/12/2025,25854.59961
31/12/2025,25630.53906
2/1/2026,26338.4707
5/1/2026,26347.24023
6/1/2026,26710.44922
7/1/2026,26458.94922
8/1/2026,26149.31055
9/1/2026,26231.78906
12/1/2026,26608.48047
13/1/2026,26848.4707
14/1/2026,26999.81055
15/1/2026,26923.61914
16/1/2026,26844.96094
19/1/2026,26563.90039
20/1/2026,26487.50977
21/1/2026,26585.06055
22/1/2026,26629.96094
23/1/2026,26749.50977
26/1/2026,26765.51953
27/1/2026,27126.94922
28/1/2026,27826.91016
29/1/2026,27968.08984
30/1/2026,27387.10938
2/2/2026,26775.57031
3/2/2026,26834.76953
4/2/2026,26847.32031
5/2/2026,26885.24023
6/2/2026,26559.94922
9/2/2026,27027.16016
10/2/2026,27183.15039
11/2/2026,27266.38086
12/2/2026,27032.53906
13/2/2026,26567.11914
16/2/2026,26705.93945
20/2/2026,26413.34961
23/2/2026,27081.91016
24/2/2026,26590.32031
25/2/2026,26765.7207
26/2/2026,26381.01953
27/2/2026,26630.53906
2/3/2026,26059.84961
3/3/2026,25768.08008
4/3/2026,25249.48047
5/3/2026,25321.33984
6/3/2026,25757.28906
9/3/2026,25408.46094
10/3/2026,25959.90039
11/3/2026,25898.75977
12/3/2026,25716.75977
13/3/2026,25465.59961
16/3/2026,25834.01953
17/3/2026,25868.53906
18/3/2026,26025.41992
19/3/2026,25500.58008
20/3/2026,25277.32031
23/3/2026,24382.4707
24/3/2026,25063.71094
25/3/2026,25335.94922
26/3/2026,24856.42969
27/3/2026,24951.88086
30/3/2026,24750.78906
31/3/2026,24788.14063
1/4/2026,25294.0293
2/4/2026,25116.5293
8/4/2026,25893.01953
9/4/2026,25752.40039
10/4/2026,25893.53906
13/4/2026,25660.84961
14/4/2026,25872.32031
15/4/2026,25947.32031
16/4/2026,26394.25977
17/4/2026,26160.33008
20/4/2026,26361.07031
21/4/2026,26487.48047
22/4/2026,26163.24023
23/4/2026,25915.19922
24/4/2026,25978.07031
27/4/2026,25925.65039
28/4/2026,25679.7793
29/4/2026,26111.83984
30/4/2026,25776.5293
4/5/2026,26095.88086
5/5/2026,25898.60938
6/5/2026,26213.7793
7/5/2026,26626.2793
8/5/2026,26393.71094
11/5/2026,26406.83984
12/5/2026,26347.91016
13/5/2026,26388.43945
14/5/2026,26389.03906
15/5/2026,25962.73047
